yearID,lgID,teamID,franchID,divID,Rank,G,Ghome,W,L,DivWin/Ties,MadeWC,LgWin,WSWin,R,AB,H,2B,3B,HR,BB,SO,SB,CS,HBP,SF,RA,ER,ERA,CG,SHO,SV,IPouts,HA,HRA,BBA,SOA,E,DP,FP,name,park,attendance,BPF,PPF,teamIDBR,teamIDlahman45,teamIDretro,hist_team_id,ros_team_id,unique_id
1982,AL,HAI,HAI,W,,80,,38,42,,,,,374,2665,696,110,14,84,235,296,155,52,41,21,388,296,3.762712,24,2,3,2124,698,50,295,348,,,,Haitai Tigers,Mudeung Baseball Stadium,261182,,,HAI,HAI,HAI,130,45,6
1982,AL,LOT,LOT,E,,80,,31,49,,,,,353,2628,674,112,8,59,326,316,84,53,40,27,385,313,3.947221,26,4,4,2141,763,69,261,363,,,,Lotte Giants,Gudeok Baseball Stadium,264295,,,LOT,LOT,LOT,65,65,3
1982,AL,MBC,MBC,W,,80,,46,33,,,,,419,2686,757,124,12,65,268,316,134,59,47,27,350,276,3.508475,19,8,15,2124,660,52,259,394,,,,MBC Chungryong,Dongdaemun Baseball Stadium,298051,,,MBC,MBC,MBC,101,36,5
1982,AL,OB,OB,E,,80,,56,24,Y,Y,Y,Y,399,2745,778,137,23,57,247,254,106,61,41,18,318,257,3.188879,32,4,10,2176,625,41,289,318,,,,OB Bears,Hanwha Life Eagles Park,163822,,,OB,OB,OB,133,60,4
1982,AL,SAM,SAM,E,,80,,53,26,,Y,,,425,2649,705,126,18,57,307,350,147,43,30,18,257,211,2.696167,23,8,17,2113,618,57,187,305,,,,Samsung Lions,Daegu Citizen Baseball Stadium,330467,,,SAM,SAM,SAM,88,32,1
1982,AL,SM,SM,W,,80,,15,65,,,,,302,2653,637,117,20,40,221,371,74,43,29,19,574,479,6.229769,7,0,5,2076,883,93,313,175,,,,Sammi Superstars,Sungui baseball stadium,120951,,,SM,SM,SM,113,37,2
1983,AL,HAI,HAI,W,,100,,55,44,,Y,,Y,422,3282,881,130,15,78,292,372,130,91,40,24,390,310,3.157299,27,10,14,2651,803,56,286,456,,,,Haitai Tigers,Mudeung Baseball Stadium,377964,,,HAI,HAI,HAI,130,45,6
1983,AL,LOT,LOT,E,,100,,43,56,,,,,365,3291,803,132,18,77,307,423,76,62,41,25,464,378,3.789825,29,4,7,2693,935,90,260,415,,,,Lotte Giants,Gudeok Baseball Stadium,397429,,,LOT,LOT,LOT,65,65,3
1983,AL,MBC,MBC,W,,100,,55,43,Y,Y,Y,,412,3327,847,146,21,46,283,371,128,67,60,31,335,275,2.723771,31,6,17,2726,787,45,298,367,,,,MBC Chungryong,Seoul Sports Complex Baseball Stadium,630814,,,MBC,MBC,MBC,101,36,5
1983,AL,OB,OB,E,,100,,44,55,,,,,418,3330,863,141,26,50,279,352,58,46,50,23,432,351,3.540157,27,8,18,2677,897,81,315,329,,,,OB Bears,Hanwha Life Eagles Park,184536,,,OB,OB,OB,133,60,4
1983,AL,SAM,SAM,E,,100,,46,50,,,,,448,3383,889,143,14,90,314,427,70,42,55,27,418,342,3.422535,34,7,12,2698,833,65,335,399,,,,Samsung Lions,Daegu Citizen Baseball Stadium,332942,,,SAM,SAM,SAM,88,32,1
1983,AL,SM,SM,W,,100,,52,47,,,,,346,3344,820,113,14,62,282,413,36,43,46,18,372,308,3.049505,56,7,8,2727,848,66,263,392,,,,Sammi Superstars,Sungui baseball stadium,332436,,,SM,SM,SM,113,37,2
1984,AL,HAI,HAI,W,,100,,43,54,,,,,369,3321,822,143,10,76,313,496,87,52,33,21,398,316,3.172927,26,6,12,2689,833,67,279,459,,,,Haitai Tigers,Mudeung Baseball Stadium,196278,,,HAI,HAI,HAI,130,45,6
1984,AL,LOT,LOT,E,,100,,50,48,,Y,,Y,405,3265,840,139,20,71,326,446,108,66,48,28,390,324,3.311128,26,1,11,2642,865,75,300,454,,,,Lotte Giants,Gudeok Baseball Stadium,429070,,,LOT,LOT,LOT,65,65,3
1984,AL,MBC,MBC,W,,100,,51,48,,,,,375,3317,840,128,35,47,314,446,99,68,40,35,374,318,3.190635,39,6,10,2691,876,59,275,356,,,,MBC Chungryong,Seoul Sports Complex Baseball Stadium,406835,,,MBC,MBC,MBC,101,36,5
1984,AL,OB,OB,E,,100,,58,41,Y,,Y,,382,3183,816,133,18,53,339,367,111,62,43,34,298,250,2.541416,13,2,31,2656,720,51,331,445,,,,OB Bears,Hanwha Life Eagles Park,137385,,,OB,OB,OB,133,60,4
1984,AL,SAM,SAM,E,,100,,55,45,,Y,,,435,3298,889,148,18,78,313,422,74,61,63,18,379,330,3.349624,30,6,13,2660,806,48,380,476,,,,Samsung Lions,Daegu Citizen Baseball Stadium,330205,,,SAM,SAM,SAM,88,32,1
1984,AL,SM,SM,W,,100,,38,59,,,,,334,3319,788,133,14,58,332,474,43,29,34,11,461,405,4.053002,24,2,18,2698,895,83,372,461,,,,Sammi Superstars,Sungui baseball stadium,164947,,,SM,SM,SM,113,37,2
1985,AL,HAI,HAI,W,,110,,57,52,,,,,483,3710,1009,161,13,99,348,386,130,77,33,32,465,400,3.641268,11,2,20,2966,979,83,296,450,,,,Haitai Tigers,Mudeung Baseball Stadium,301188,,,HAI,HAI,HAI,130,45,6
1985,AL,LOT,LOT,E,,110,,59,51,,,,,426,3598,920,168,19,77,352,446,79,58,47,34,420,336,3.047363,32,11,15,2977,936,60,324,513,,,,Lotte Giants,Gudeok Baseball Stadium,377971,,,LOT,LOT,LOT,65,65,3
1985,AL,MBC,MBC,W,,110,,44,65,,,,,345,3624,892,127,19,37,324,452,130,73,39,29,408,354,3.244399,28,4,13,2946,902,63,385,353,,,,MBC Chungryong,Seoul Sports Complex Baseball Stadium,245209,,,MBC,MBC,MBC,101,36,5
1985,AL,OB,OB,E,,110,,51,57,,,,,473,3667,954,147,27,67,354,442,107,76,50,31,416,346,3.135952,25,3,13,2979,882,64,386,433,,,,OB Bears,Dongdaemun Baseball Stadium,252731,,,OB,OB,OB,133,60,4
1985,AL,SAM,SAM,E,,110,,77,32,Y,Y,Y,,552,3644,1005,181,22,97,402,456,116,84,60,43,379,331,2.975033,27,5,41,3004,871,62,368,496,,,,Samsung Lions,Daegu Citizen Baseball Stadium,347286,,,SAM,SAM,SAM,88,32,1
1985,AL,SM,SM,W,,110,,24,30,,,,,200,1828,448,83,3,36,187,226,35,23,22,10,252,226,4.06529,18,1,11,1501,523,59,174,219,,,,Sammi Superstars,Sungui baseball stadium,163980,,,SM,SM,SM,113,37,2
1986,AL,BGR,BGR,W,,108,,31,76,,,,,333,3453,815,121,23,46,420,494,79,85,30,17,467,388,3.65272,42,8,3,2868,932,90,284,407,,,,Bingre Eagles,Hanwha Life Eagles Park,198577,,,BGR,BGR,BGR,64,64,7
1986,AL,CHB,SM,W,,108,,32,74,,,,,318,3449,755,138,10,66,327,519,47,52,42,22,506,427,3.993419,24,6,10,2887,1001,68,356,408,,,,Chungbo Pintos,Sungui baseball stadium,176542,,,SM,SM,SM,113,37,2
1986,AL,HAI,HAI,W,,108,,67,37,,Y,,Y,474,3582,929,136,18,99,321,406,120,78,39,23,372,312,2.857531,28,11,23,2948,857,41,334,533,,,,Haitai Tigers,Mudeung Baseball Stadium,307814,,,HAI,HAI,HAI,130,45,6
1986,AL,LOT,LOT,E,,108,,50,52,,,,,373,3603,894,140,28,37,342,357,89,51,24,19,360,299,2.735683,33,6,11,2951,896,48,325,520,,,,Lotte Giants,Gudeok Baseball Stadium,523082,,,LOT,LOT,LOT,65,65,3
1986,AL,MBC,MBC,W,,108,,59,41,,,,,434,3644,964,152,29,37,315,429,116,59,55,35,361,304,2.779546,11,3,30,2953,880,45,341,415,,,,MBC Chungryong,Seoul Sports Complex Baseball Stadium,367690,,,MBC,MBC,MBC,101,36,5
1986,AL,OB,OB,E,,108,,56,48,,Y,,,369,3531,880,113,32,38,336,395,78,69,39,29,341,283,2.610523,30,12,19,2927,820,43,390,394,,,,OB Bears,Seoul Sports Complex Baseball Stadium,293357,,,OB,OB,OB,133,60,4
1986,AL,SAM,SAM,E,,108,,70,37,Y,Y,Y,,475,3617,997,177,22,74,354,465,111,68,48,31,369,317,2.953416,34,7,33,2898,848,62,385,388,,,,Samsung Lions,Daegu Citizen Baseball Stadium,274050,,,SAM,SAM,SAM,88,32,1
1987,AL,BGR,BGR,W,,108,,47,57,,,,,410,3547,972,145,22,48,326,423,79,85,54,23,454,401,3.777739,51,6,7,2866,970,75,281,364,,,,Bingre Eagles,Hanwha Life Eagles Park,148301,,,BGR,BGR,BGR,64,64,7
1987,AL,CHB,SM,W,,108,,41,65,,,,,401,3499,848,151,14,54,400,502,127,80,27,17,524,463,4.358787,42,5,9,2868,1063,69,327,328,,,,Chungbo Pintos,Sungui baseball stadium,153395,,,SM,SM,SM,113,37,2
1987,AL,HAI,HAI,W,,108,,55,48,,Y,,Y,393,3609,910,151,12,71,335,379,90,44,44,26,401,344,3.152749,26,8,14,2946,864,52,372,494,,,,Haitai Tigers,Mudeung Baseball Stadium,217616,,,HAI,HAI,HAI,130,45,6
1987,AL,LOT,LOT,E,,108,,54,49,,,,,432,3625,970,161,27,40,390,330,99,50,34,20,404,364,3.357704,51,12,9,2927,971,40,331,504,,,,Lotte Giants,Sajik Baseball Stadium1,583601,,,LOT,LOT,LOT,65,65,3
1987,AL,MBC,MBC,W,,108,,50,51,,,,,388,3566,919,117,38,36,296,354,91,54,43,28,407,363,3.362264,20,4,26,2915,966,48,335,372,,,,MBC Chungryong,Seoul Sports Complex Baseball Stadium,383408,,,MBC,MBC,MBC,101,36,5
1987,AL,OB,OB,E,,108,,55,52,,Y,,,415,3548,927,123,34,30,342,369,73,49,24,25,405,348,3.260236,38,8,21,2882,906,38,407,383,,,,OB Bears,Seoul Sports Complex Baseball Stadium,272217,,,OB,OB,OB,133,60,4
1987,AL,SAM,SAM,E,,108,,64,44,Y,Y,Y,,583,3731,1120,165,29,105,380,448,102,51,40,40,427,381,3.5756,26,8,30,2877,926,62,416,360,,,,Samsung Lions,Daegu Citizen Baseball Stadium,261137,,,SAM,SAM,SAM,88,32,1
1988,AL,BGR,BGR,W,,108,,62,45,,Y,,,506,3616,961,177,21,73,332,463,83,51,52,33,441,402,3.722222,27,8,28,2916,1015,72,298,394,,,,Bingre Eagles,Hanwha Life Eagles Park,211402,,,BGR,BGR,BGR,64,64,7
1988,AL,HAI,HAI,W,,108,,68,38,Y,Y,Y,Y,505,3604,1019,135,14,112,345,382,136,58,44,33,364,308,2.861666,26,7,23,2906,849,58,297,501,,,,Haitai Tigers,Mudeung Baseball Stadium,210959,,,HAI,HAI,HAI,130,45,6
1988,AL,LOT,LOT,E,,108,,57,49,,,,,482,3578,967,142,18,68,347,333,128,64,40,24,449,391,3.63033,30,7,18,2908,968,56,330,477,,,,Lotte Giants,Sajik Baseball Stadium2,648661,,,LOT,LOT,LOT,65,65,3
1988,AL,MBC,MBC,W,,108,,40,64,,,,,408,3652,951,132,27,42,321,384,119,61,34,23,491,423,3.960125,36,4,14,2884,1038,69,373,347,,,,MBC Chungryong,Seoul Sports Complex Baseball Stadium,239562,,,MBC,MBC,MBC,101,36,5
1988,AL,OB,OB,E,,108,,54,52,,,,,418,3584,923,145,25,44,321,375,88,39,28,31,447,402,3.732462,17,5,19,2908,933,69,381,388,,,,OB Bears,Seoul Sports Complex Baseball Stadium,275061,,,OB,OB,OB,133,60,4
1988,AL,SAM,SAM,E,,108,,56,50,,Y,,,516,3692,1028,150,20,85,381,493,110,63,42,24,492,449,4.178904,22,9,21,2901,953,80,403,341,,,,Samsung Lions,Daegu Citizen Baseball Stadium,177774,,,SAM,SAM,SAM,88,32,1
1988,AL,TAI,SM,W,,108,,34,73,,,,,387,3529,920,163,23,58,339,404,83,65,26,25,538,478,4.566879,20,3,11,2826,1013,78,304,386,,,,Taipyungyang Dolphins,Sungui baseball stadium,168726,,,SM,SM,SM,113,37,2
1989,AL,BGR,BGR,W,,108,,71,46,Y,Y,Y,,595,4064,1121,208,26,97,412,544,122,61,48,45,476,415,3.46904,26,6,26,3230,982,75,433,537,,,,Bingre Eagles,Hanwha Life Eagles Park,298860,,,BGR,BGR,BGR,64,64,7
1989,AL,HAI,HAI,W,,108,,65,51,,Y,,Y,500,3963,1011,142,10,90,470,508,112,73,48,26,442,400,3.337454,30,12,20,3236,928,63,400,695,,,,Haitai Tigers,Mudeung Baseball Stadium,326607,,,HAI,HAI,HAI,130,45,6
1989,AL,LOT,LOT,E,,108,,48,67,,,,,419,3940,974,155,23,38,519,520,100,74,29,27,522,467,3.906134,37,5,11,3228,1072,68,390,508,,,,Lotte Giants,Sajik Baseball Stadium3,584781,,,LOT,LOT,LOT,65,65,3
1989,AL,MBC,MBC,W,,108,,49,67,,,,,490,3912,985,139,36,42,470,490,172,94,40,42,581,509,4.282643,8,0,30,3209,1139,61,455,451,,,,MBC Chungryong,Seoul Sports Complex Baseball Stadium,427678,,,MBC,MBC,MBC,101,36,5
1989,AL,OB,OB,E,,108,,54,63,,,,,447,3935,970,165,28,42,389,560,136,74,42,32,481,440,3.692882,17,7,20,3217,969,60,527,543,,,,OB Bears,Seoul Sports Complex Baseball Stadium,431352,,,OB,OB,OB,133,60,4
1989,AL,SAM,SAM,E,,108,,57,58,,Y,,,580,4024,1094,173,20,96,397,617,159,78,45,47,588,524,4.417109,26,6,27,3203,1094,84,516,470,,,,Samsung Lions,Daegu Citizen Baseball Stadium,394893,,,SAM,SAM,SAM,88,32,1
1989,AL,TAI,SM,W,,108,,62,54,,Y,,,499,3943,981,187,25,55,504,554,168,81,40,35,440,368,3.033893,35,6,19,3275,952,49,440,589,,,,Taipyungyang Dolphins,Sungui baseball stadium,419498,,,SM,SM,SM,113,37,2
1990,AL,BGR,BGR,W,,126,,68,50,,Y,,,610,3973,1074,175,24,112,495,619,139,68,47,42,481,402,3.402508,6,1,40,3190,971,96,419,557,,,,Bingre Eagles,Hanwha Life Eagles Park,309357,,,BGR,BGR,BGR,64,64,7
1990,AL,HAI,HAI,W,,126,,68,49,,Y,,,538,3952,1066,177,23,87,466,544,101,68,53,29,458,399,3.36446,34,14,14,3202,903,75,412,701,,,,Haitai Tigers,Mudeung Baseball Stadium,361074,,,HAI,HAI,HAI,130,45,6
1990,AL,LG,MBC,W,,126,,44,71,,Y,,Y,453,3858,946,163,30,41,464,503,125,67,48,31,585,523,4.429423,19,6,20,3188,1062,83,446,487,,,,LG Twins,Seoul Sports Complex Baseball Stadium,768329,,,MBC,MBC,MBC,101,36,5
1990,AL,LOT,LOT,E,,126,,71,49,Y,,Y,,578,4024,1089,156,40,61,465,450,139,102,65,50,457,407,3.382271,19,5,33,3249,981,49,410,549,,,,Lotte Giants,Sajik Baseball Stadium4,654950,,,LOT,LOT,LOT,65,65,3
1990,AL,OB,OB,E,,126,,35,80,,,,,404,3902,901,153,22,62,425,562,83,66,37,40,616,554,4.723082,20,6,10,3167,1075,78,535,467,,,,OB Bears,Seoul Sports Complex Baseball Stadium,386968,,,OB,OB,OB,133,60,4
1990,AL,SAM,SAM,E,,126,,66,52,,Y,,,597,3961,1040,169,14,131,434,534,108,55,52,31,558,491,4.132481,21,3,36,3208,1053,102,512,475,,,,Samsung Lions,Daegu Citizen Baseball Stadium,436610,,,SAM,SAM,SAM,88,32,1
1990,AL,TAI,SM,W,,126,,58,59,,,,,486,3937,968,177,25,47,447,551,133,84,43,24,511,443,3.683708,25,7,27,3247,1039,58,462,527,,,,Taipyungyang Dolphins,Sungui baseball stadium,272200,,,SM,SM,SM,113,37,2
1991,AL,BGR,BGR,W,,126,,72,49,,Y,,,644,4222,1155,181,43,136,484,705,121,63,51,29,493,411,3.279255,30,5,28,3384,1014,75,420,602,,,,Bingre Eagles,Hanwha Life Eagles Park,377017,,,BGR,BGR,BGR,64,64,7
1991,AL,HAI,HAI,W,,126,,79,42,Y,Y,Y,Y,618,4135,1069,171,29,144,516,589,152,77,83,35,409,363,2.889446,34,10,28,3392,925,73,325,777,,,,Haitai Tigers,Mudeung Baseball Stadium,372386,,,HAI,HAI,HAI,130,45,6
1991,AL,LG,MBC,W,,126,,53,72,,,,,472,4131,1009,158,41,53,400,476,111,99,53,29,608,544,4.35329,27,3,24,3374,1125,90,446,622,,,,LG Twins,Seoul Sports Complex Baseball Stadium,776953,,,MBC,MBC,MBC,101,36,5
1991,AL,LOT,LOT,E,,126,,61,62,,Y,,,583,4128,1072,177,47,73,457,516,98,57,61,47,558,501,4.034298,37,5,13,3353,1042,68,470,637,,,,Lotte Giants,Sajik Baseball Stadium5,1001920,,,LOT,LOT,LOT,65,65,3
1991,AL,OB,OB,E,,126,,51,73,,,,,501,4220,1054,169,39,59,419,639,135,78,35,22,593,526,4.212993,28,6,11,3371,1093,82,506,479,,,,OB Bears,Seoul Sports Complex Baseball Stadium,436026,,,OB,OB,OB,133,60,4
1991,AL,SAM,SAM,E,,126,,70,55,,Y,,,639,4182,1138,180,25,108,510,546,126,82,59,37,579,531,4.2342,14,4,38,3386,1131,108,484,527,,,,Samsung Lions,Daegu Citizen Baseball Stadium,357852,,,SAM,SAM,SAM,88,32,1
1991,AL,SBW,SBW,E,,126,,52,71,,,,,554,4114,1041,199,30,87,475,726,130,88,66,33,638,573,4.689603,13,3,31,3299,1101,116,555,551,,,,Ssangbangwool Raiders,Jeonju Baseball Stadium,160662,,,SBW,SBW,SBW,112,37,8
1991,AL,TAI,SM,W,,126,,55,69,,,,,426,4105,976,208,24,51,423,600,142,73,41,27,559,504,4.032,33,6,20,3375,1083,99,478,602,,,,Taipyungyang Dolphins,Sungui baseball stadium,342593,,,SM,SM,SM,113,37,2
1992,AL,BGR,BGR,W,,126,,81,43,Y,Y,Y,,658,4198,1120,192,29,146,511,660,105,57,58,45,520,458,3.680357,27,7,35,3360,1024,108,415,653,,,,Bingre Eagles,Hanwha Life Eagles Park,380391,,,BGR,BGR,BGR,64,64,7
1992,AL,HAI,HAI,W,,126,,71,54,,Y,,,701,4183,1139,191,16,138,559,656,134,57,70,37,571,517,4.20959,25,7,28,3316,1101,118,405,679,,,,Haitai Tigers,Mudeung Baseball Stadium,390871,,,HAI,HAI,HAI,130,45,6
1992,AL,LG,MBC,W,,126,,53,70,,,,,573,4278,1100,172,24,108,441,574,89,54,46,31,616,539,4.290389,22,5,20,3392,1171,83,487,648,,,,LG Twins,Seoul Sports Complex Baseball Stadium,615960,,,MBC,MBC,MBC,101,36,5
1992,AL,LOT,LOT,E,,126,,71,55,,Y,,Y,663,4205,1213,211,62,68,483,542,131,56,59,53,581,529,4.275067,39,6,17,3341,1152,99,410,581,,,,Lotte Giants,Sajik Baseball Stadium6,1209632,,,LOT,LOT,LOT,65,65,3
1992,AL,OB,OB,E,,126,,56,66,,,,,547,4225,1096,173,31,110,439,607,96,58,38,32,582,527,4.208518,30,4,21,3381,1105,96,493,595,,,,OB Bears,Seoul Sports Complex Baseball Stadium,504100,,,OB,OB,OB,133,60,4
1992,AL,SAM,SAM,E,,126,,67,57,,Y,,,633,4250,1128,168,23,124,494,621,127,62,73,44,636,569,4.549304,23,6,25,3377,1085,102,636,640,,,,Samsung Lions,Daegu Citizen Baseball Stadium,315708,,,SAM,SAM,SAM,88,32,1
1992,AL,SBW,SBW,E,,126,,41,84,,,,,508,4081,1015,167,29,90,528,748,89,53,54,21,686,588,4.847634,14,4,17,3275,1106,140,516,600,,,,Ssangbangwool Raiders,Jeonju Baseball Stadium,158463,,,SBW,SBW,SBW,112,37,8
1992,AL,TAI,SM,W,,126,,56,67,,,,,518,4143,1061,205,25,87,416,641,73,50,48,21,609,553,4.479748,26,2,25,3333,1128,125,509,653,,,,Taipyungyang Dolphins,Sungui baseball stadium,336967,,,SM,SM,SM,113,37,2
1993,AL,BGR,BGR,W,,126,,61,61,,,,,455,4119,982,180,13,81,434,743,96,51,54,35,491,433,3.455808,33,5,25,3383,1035,84,370,669,,,,Bingre Eagles,Hanwha Life Eagles Park,297999,,,BGR,BGR,BGR,64,64,7
1993,AL,HAI,HAI,W,,126,,81,42,Y,Y,Y,Y,513,4102,1030,169,12,95,452,606,162,73,48,31,420,367,2.924734,16,6,43,3388,935,76,372,802,,,,Haitai Tigers,Mudeung Baseball Stadium,443841,,,HAI,HAI,HAI,130,45,6
1993,AL,LG,MBC,W,,126,,66,57,,Y,,,496,4182,1069,176,32,74,376,594,117,62,55,26,440,384,3.067456,19,6,36,3380,1020,71,385,655,,,,LG Twins,Seoul Sports Complex Baseball Stadium,1154308,,,MBC,MBC,MBC,101,36,5
1993,AL,LOT,LOT,E,,126,,62,63,,,,,452,4077,1013,160,38,29,389,563,174,79,53,41,462,415,3.332838,44,14,17,3362,1088,57,348,512,,,,Lotte Giants,Sajik Baseball Stadium7,843451,,,LOT,LOT,LOT,65,65,3
1993,AL,OB,OB,E,,126,,66,55,,Y,,,473,4131,1066,176,34,59,403,611,86,50,48,39,405,362,2.888298,27,9,27,3384,949,39,386,684,,,,OB Bears,Seoul Sports Complex Baseball Stadium,700869,,,OB,OB,OB,133,60,4
1993,AL,SAM,SAM,E,,126,,73,48,,Y,,,615,4260,1154,166,21,133,463,623,102,75,68,39,433,373,2.952507,28,11,31,3411,991,72,457,683,,,,Samsung Lions,Daegu Citizen Baseball Stadium,539102,,,SAM,SAM,SAM,88,32,1
1993,AL,SBW,SBW,E,,126,,43,78,,,,,366,4005,903,138,14,46,392,733,117,80,53,21,551,491,3.995479,24,4,30,3318,1032,88,528,654,,,,Ssangbangwool Raiders,Jeonju Baseball Stadium,152906,,,SBW,SBW,SBW,112,37,8
1993,AL,TAI,SM,W,,126,,34,82,,,,,348,4134,928,172,16,35,349,821,80,51,39,21,516,451,3.577262,36,2,15,3404,1095,65,412,635,,,,Taipyungyang Dolphins,Sungui baseball stadium,304673,,,SM,SM,SM,113,37,2
1994,AL,HAI,HAI,W,,126,,65,59,,Y,,,563,4254,1153,183,17,93,333,583,165,60,45,37,509,448,3.602144,28,6,24,3358,999,92,406,737,,,,Haitai Tigers,Mudeung Baseball Stadium,388818,,,HAI,HAI,HAI,130,45,6
1994,AL,HH,BGR,W,,126,,65,59,,Y,,,482,4063,1002,166,15,68,416,696,94,67,63,36,510,440,3.524177,22,5,29,3371,1036,95,361,745,,,,Hanwha Eagles,Hanwha Life Eagles Park,316273,,,BGR,BGR,BGR,64,64,7
1994,AL,LG,MBC,W,,126,,81,45,Y,Y,Y,Y,655,4265,1204,205,36,88,455,573,143,61,70,41,452,391,3.141964,24,9,46,3360,1007,68,332,581,,,,LG Twins,Seoul Sports Complex Baseball Stadium,1022324,,,MBC,MBC,MBC,101,36,5
1994,AL,LOT,LOT,E,,126,,56,67,,,,,489,4175,1072,180,33,58,378,672,175,88,52,48,604,549,4.442014,14,3,35,3337,1156,101,419,590,,,,Lotte Giants,Sajik Baseball Stadium8,630883,,,LOT,LOT,LOT,65,65,3
1994,AL,OB,OB,E,,126,,53,72,,,,,477,4113,1013,159,18,75,364,712,81,54,53,33,507,426,3.46133,28,9,18,3323,1042,56,404,670,,,,OB Bears,Seoul Sports Complex Baseball Stadium,700914,,,OB,OB,OB,133,60,4
1994,AL,SAM,SAM,E,,126,,60,64,,,,,541,4161,1081,165,22,106,458,650,120,67,64,39,499,432,3.480752,26,6,24,3351,1021,85,413,657,,,,Samsung Lions,Daegu Citizen Baseball Stadium,518504,,,SAM,SAM,SAM,88,32,1
1994,AL,SBW,SBW,E,,126,,47,74,,,,,494,4142,1027,160,20,87,378,622,151,67,45,23,634,587,4.735285,13,3,30,3347,1169,110,473,634,,,,Ssangbangwool Raiders,Jeonju Baseball Stadium,140435,,,SBW,SBW,SBW,112,37,8
1994,AL,TAI,SM,W,,126,,68,55,,Y,,,485,4048,988,179,18,91,385,751,66,64,53,25,471,436,3.500446,17,3,47,3363,1110,59,359,645,,,,Taipyungyang Dolphins,Sungui baseball stadium,476277,,,SM,SM,SM,113,37,2
1995,AL,HAI,HAI,W,,126,,64,58,,,,,431,4095,989,154,22,75,341,675,130,43,77,35,434,383,3.056754,15,4,40,3383,953,79,354,872,,,,Haitai Tigers,Mudeung Baseball Stadium,431302,,,HAI,HAI,HAI,130,45,6
1995,AL,HH,BGR,W,,126,,55,71,,,,,510,4161,1037,206,25,96,403,747,96,66,63,28,566,502,4.037534,36,8,24,3357,1091,102,411,793,,,,Hanwha Eagles,Hanwha Life Eagles Park,359611,,,BGR,BGR,BGR,64,64,7
1995,AL,LG,MBC,W,,126,,74,48,,Y,,,527,4137,1064,170,34,79,421,621,121,52,76,45,456,400,3.207603,22,5,40,3367,996,62,322,607,,,,LG Twins,Seoul Sports Complex Baseball Stadium,1264762,,,MBC,MBC,MBC,101,36,5
1995,AL,LOT,LOT,E,,126,,68,53,,Y,,,590,4197,1071,158,51,65,447,726,220,73,71,59,493,439,3.473916,19,5,28,3412,1049,83,328,642,,,,Lotte Giants,Sajik Baseball Stadium9,1180576,,,LOT,LOT,LOT,65,65,3
1995,AL,OB,OB,E,,126,,74,47,Y,Y,Y,Y,629,4342,1154,203,28,106,357,741,121,58,52,40,500,437,3.424964,22,8,35,3445,1031,68,399,701,,,,OB Bears,Seoul Sports Complex Baseball Stadium,914638,,,OB,OB,OB,133,60,4
1995,AL,SAM,SAM,E,,126,,60,60,,,,,558,4188,1047,199,20,94,384,723,100,44,92,32,555,483,3.895161,18,5,28,3348,1018,78,450,672,,,,Samsung Lions,Daegu Citizen Baseball Stadium,623970,,,SAM,SAM,SAM,88,32,1
1995,AL,SBW,SBW,E,,126,,45,78,,,,,476,4154,1054,165,21,83,381,600,131,71,37,33,636,575,4.670578,21,5,21,3324,1134,124,476,622,,,,Ssangbangwool Raiders,Jeonju Baseball Stadium,189558,,,SBW,SBW,SBW,112,37,8
1995,AL,TAI,SM,W,,126,,48,73,,,,,467,4119,965,170,20,82,389,766,93,48,46,35,548,484,3.917266,21,5,24,3336,1109,84,383,690,,,,Taipyungyang Dolphins,Sungui baseball stadium,441957,,,SM,SM,SM,113,37,2
1996,AL,HAI,HAI,W,,126,,73,51,Y,Y,Y,Y,554,4168,1022,192,18,92,463,744,170,57,72,29,441,396,3.143781,22,8,25,3401,945,98,373,805,,,,Haitai Tigers,Mudeung Baseball Stadium,468922,,,HAI,HAI,HAI,130,45,6
1996,AL,HD,SM,W,,126,,67,54,,Y,,,493,4127,1001,171,21,106,396,747,112,90,72,30,454,385,3.037697,7,3,36,3422,974,76,378,749,,,,Hyundai Unicorns,Sungui baseball stadium,475910,,,SM,SM,SM,113,37,2
1996,AL,HH,BGR,W,,126,,70,55,,Y,,,522,4081,1000,203,23,90,432,836,95,73,80,35,532,477,3.790171,21,7,31,3398,1025,98,351,949,,,,Hanwha Eagles,Hanwha Life Eagles Park,369717,,,BGR,BGR,BGR,64,64,7
1996,AL,LG,MBC,W,,126,,50,71,,,,,525,4203,1036,164,18,98,441,666,95,57,94,26,593,517,4.122563,7,1,29,3386,1112,88,420,653,,,,LG Twins,Seoul Sports Complex Baseball Stadium,964805,,,MBC,MBC,MBC,101,36,5
1996,AL,LOT,LOT,E,,126,,57,63,,,,,566,4244,1161,214,38,72,398,692,139,61,50,38,580,518,4.160024,22,2,17,3362,1127,93,397,684,,,,Lotte Giants,Sajik Baseball Stadium10,787889,,,LOT,LOT,LOT,65,65,3
1996,AL,OB,OB,E,,126,,47,73,,,,,446,4163,1008,179,23,82,327,721,78,54,59,29,520,459,3.689491,15,6,23,3359,1044,81,441,666,,,,OB Bears,Seoul Sports Complex Baseball Stadium,690258,,,OB,OB,OB,133,60,4
1996,AL,SAM,SAM,E,,126,,54,67,,,,,510,4136,1029,191,23,88,423,807,135,79,76,37,581,525,4.228819,11,2,29,3352,1085,88,527,654,,,,Samsung Lions,Daegu Citizen Baseball Stadium,474663,,,SAM,SAM,SAM,88,32,1
1996,AL,SBW,SBW,E,,126,,70,54,,Y,,,545,4112,1085,192,33,58,427,691,85,59,70,47,460,416,3.327014,15,9,36,3376,1030,64,420,744,,,,Ssangbangwool Raiders,Jeonju Baseball Stadium,265918,,,SBW,SBW,SBW,112,37,8
1997,AL,HAI,HAI,W,,126,,75,50,Y,Y,Y,Y,616,4183,1081,208,9,133,466,722,148,62,67,30,510,458,3.651019,11,4,38,3387,986,108,390,794,,,,Haitai Tigers,Mudeung Baseball Stadium,393137,,,HAI,HAI,HAI,130,45,6
1997,AL,HD,SM,W,,126,,51,71,,,,,497,4032,994,179,19,82,424,720,112,78,72,28,582,519,4.214436,9,1,37,3325,1050,123,423,755,,,,Hyundai Unicorns,Sungui baseball stadium,323123,,,SM,SM,SM,113,37,2
1997,AL,HH,BGR,W,,126,,51,73,,,,,481,4077,1032,180,18,102,381,780,98,74,71,33,554,503,4.06009,20,7,29,3345,1024,129,412,792,,,,Hanwha Eagles,Hanwha Life Eagles Park,226982,,,BGR,BGR,BGR,64,64,7
1997,AL,LG,MBC,W,,126,,73,51,,Y,,,590,4153,1109,220,29,83,422,601,137,53,90,57,512,471,3.780321,4,1,45,3364,1045,101,369,708,,,,LG Twins,Seoul Sports Complex Baseball Stadium,1001680,,,MBC,MBC,MBC,101,36,5
1997,AL,LOT,LOT,E,,126,,48,77,,,,,434,4066,962,176,20,75,359,801,110,69,56,29,621,566,4.583683,9,0,25,3334,1155,116,464,640,,,,Lotte Giants,Sajik Baseball Stadium11,461196,,,LOT,LOT,LOT,65,65,3
1997,AL,OB,OB,E,,126,,57,64,,,,,511,4216,1070,159,21,84,382,718,143,53,69,31,551,479,3.838825,8,2,36,3369,1090,67,453,784,,,,OB Bears,Seoul Sports Complex Baseball Stadium,737392,,,OB,OB,OB,133,60,4
1997,AL,SAM,SAM,E,,126,,66,53,,Y,,,722,4305,1194,254,24,165,456,804,137,80,90,32,605,532,4.233422,9,2,38,3393,1107,97,491,678,,,,Samsung Lions,Daegu Citizen Baseball Stadium,542957,,,SAM,SAM,SAM,88,32,1
1997,AL,SBW,SBW,E,,126,,71,53,,Y,,,602,4059,1090,201,30,110,490,694,81,60,51,44,518,471,3.820066,6,1,42,3329,1075,93,378,689,,,,Ssangbangwool Raiders,Jeonju Baseball Stadium,216499,,,SBW,SBW,SBW,112,37,8
1998,AL,HAI,HAI,W,,126,,61,64,,,,,489,4129,1067,188,8,94,367,669,58,26,57,33,531,481,3.905865,6,3,39,3325,1064,121,351,870,,,,Haitai Tigers,Mudeung Baseball Stadium,156793,,,HAI,HAI,HAI,130,45,6
1998,AL,HD,SM,W,,126,,81,45,Y,Y,Y,Y,633,4161,1123,216,21,142,413,820,134,85,74,38,445,377,3.026762,11,6,33,3363,984,98,415,875,,,,Hyundai Unicorns,Sungui baseball stadium,310766,,,SM,SM,SM,113,37,2
1998,AL,HH,BGR,W,,126,,55,66,,,,,503,4162,1042,201,10,123,339,784,94,60,72,21,578,529,4.255959,8,2,30,3356,1105,114,405,840,,,,Hanwha Eagles,Hanwha Life Eagles Park,208880,,,BGR,BGR,BGR,64,64,7
1998,AL,LG,MBC,W,,126,,63,62,,Y,,,609,4243,1131,229,21,100,417,699,99,48,68,35,586,521,4.181629,3,1,31,3364,1132,111,350,688,,,,LG Twins,Seoul Sports Complex Baseball Stadium,577463,,,MBC,MBC,MBC,101,36,5
1998,AL,LOT,LOT,E,,126,,50,72,,,,,536,4188,1070,200,33,86,403,829,76,54,68,32,646,570,4.605027,20,4,17,3342,1149,115,381,693,,,,Lotte Giants,Sajik Baseball Stadium12,409735,,,LOT,LOT,LOT,65,65,3
1998,AL,OB,OB,E,,126,,61,62,,Y,,,520,4224,1080,174,28,102,338,713,123,50,56,34,506,447,3.602687,15,6,28,3350,1054,88,425,774,,,,OB Bears,Seoul Sports Complex Baseball Stadium,427227,,,OB,OB,OB,133,60,4
1998,AL,SAM,SAM,E,,126,,66,58,,Y,,,620,4263,1143,211,20,143,446,822,117,61,80,38,584,541,4.316489,10,0,26,3384,1120,133,477,723,,,,Samsung Lions,Daegu Citizen Baseball Stadium,462777,,,SAM,SAM,SAM,88,32,1
1998,AL,SBW,SBW,E,,126,,58,66,,,,,536,4170,1089,178,31,101,440,758,93,46,33,34,570,501,4.042738,5,1,26,3346,1137,111,359,631,,,,Ssangbangwool Raiders,Jeonju Baseball Stadium,85478,,,SBW,SBW,SBW,112,37,8
1999,AL,DOO,OB,E,,132,,76,51,Y,Y,Y,,721,4587,1305,218,31,141,478,693,136,44,49,41,657,605,4.583333,4,1,40,3564,1192,133,521,837,,,,Doosan Bears,Seoul Sports Complex Baseball Stadium,497409,,,OB,OB,OB,133,60,4
1999,AL,HAI,HAI,W,,132,,60,69,,,,,765,4549,1264,206,12,210,555,871,98,48,58,26,743,676,5.207418,3,1,28,3505,1267,182,462,782,,,,Haitai Tigers,Mudeung Baseball Stadium,172729,,,HAI,HAI,HAI,130,45,6
1999,AL,HD,SM,W,,132,,68,59,,,,,699,4456,1210,187,18,143,537,780,109,65,98,42,646,587,4.472065,10,1,25,3544,1268,141,473,910,,,,Hyundai Unicorns,Sungui baseball stadium,234455,,,SM,SM,SM,113,37,2
1999,AL,HH,BGR,W,,132,,72,58,,Y,,Y,731,4479,1268,253,29,197,432,847,128,70,77,42,701,635,4.884615,13,3,42,3510,1205,171,415,866,,,,Hanwha Eagles,Hanwha Life Eagles Park,218404,,,BGR,BGR,BGR,64,64,7
1999,AL,LG,MBC,W,,132,,61,70,,,,,744,4574,1287,218,40,145,428,772,99,32,78,43,773,708,5.486797,2,1,40,3484,1301,157,511,813,,,,LG Twins,Seoul Sports Complex Baseball Stadium,726062,,,MBC,MBC,MBC,101,36,5
1999,AL,LOT,LOT,E,,132,,75,52,,Y,,,753,4498,1309,261,34,145,465,815,98,68,72,52,590,547,4.179117,15,2,34,3534,1125,146,431,852,,,,Lotte Giants,Sajik Baseball Stadium13,770260,,,LOT,LOT,LOT,65,65,3
1999,AL,SAM,SAM,E,,132,,73,57,,Y,,,748,4555,1244,202,14,207,483,964,140,47,96,41,748,685,5.156119,4,1,40,3587,1295,157,502,929,,,,Samsung Lions,Daegu Citizen Baseball Stadium,551349,,,SAM,SAM,SAM,88,32,1
1999,AL,SBW,SBW,E,,132,,28,97,,,,,523,4462,1108,177,28,86,418,908,126,52,64,33,826,757,5.854769,6,1,14,3491,1342,187,481,661,,,,Ssangbangwool Raiders,Jeonju Baseball Stadium,0,,,SBW,SBW,SBW,112,37,8
2000,AL,DOO,OB,E,,133,,76,57,,Y,,,694,4590,1325,205,21,150,475,684,115,29,58,47,616,550,4.221148,3,1,52,3518,1190,104,517,829,,,,Doosan Bears,Seoul Sports Complex Baseball Stadium,510862,,,OB,OB,OB,133,60,4
2000,AL,HAI,HAI,W,,133,,57,72,,,,,588,4511,1137,216,13,86,527,866,113,53,40,33,728,659,4.952129,10,2,26,3593,1284,177,491,881,,,,Haitai Tigers,Mudeung Baseball Stadium,69203,,,HAI,HAI,HAI,130,45,6
2000,AL,HD,SM,W,,133,,91,40,Y,Y,Y,Y,777,4481,1245,246,25,208,548,905,104,56,94,46,528,481,3.638834,5,2,51,3569,1111,95,451,997,,,,Hyundai Unicorns,Suwon kt wiz Park,128013,,,SM,SM,SM,113,37,2
2000,AL,HH,BGR,W,,133,,50,78,,,,,680,4599,1270,265,14,180,449,997,78,49,66,43,776,689,5.243236,7,2,31,3548,1248,189,527,805,,,,Hanwha Eagles,Hanwha Life Eagles Park,155284,,,BGR,BGR,BGR,64,64,7
2000,AL,LG,MBC,W,,133,,67,63,,Y,,,687,4532,1239,227,22,122,553,805,97,43,55,46,631,586,4.44813,7,1,33,3557,1197,113,449,886,,,,LG Twins,Seoul Sports Complex Baseball Stadium,705115,,,MBC,MBC,MBC,101,36,5
2000,AL,LOT,LOT,E,,133,,65,64,,Y,,,603,4557,1186,206,26,104,449,831,92,48,66,24,579,534,4.016156,8,2,34,3590,1136,129,442,917,,,,Lotte Giants,Sajik Baseball Stadium14,451095,,,LOT,LOT,LOT,65,65,3
2000,AL,SAM,SAM,E,,133,,69,59,,Y,,,744,4546,1223,246,15,177,496,967,81,37,80,43,670,610,4.635519,6,2,34,3553,1233,130,524,880,,,,Samsung Lions,Daegu Citizen Baseball Stadium,403414,,,SAM,SAM,SAM,88,32,1
2000,AL,SK,SK,E,,133,,44,86,,,,,602,4492,1167,193,23,105,428,858,67,44,77,35,847,776,5.991421,1,0,21,3497,1393,195,524,718,,,,SK Wyverns,Sungui baseball stadium,84563,,,SK,SK,SK,112,37,8
2001,AL,DOO,OB,E,,133,,65,63,,Y,,Y,732,4583,1266,221,26,130,560,697,132,34,60,46,733,651,4.963852,1,0,35,3541,1290,128,546,799,,,,Doosan Bears,Seoul Sports Complex Baseball Stadium,620094,,,OB,OB,OB,133,60,4
2001,AL,HD,SM,W,,133,,72,57,,Y,,,711,4445,1192,166,20,169,598,911,99,55,76,29,628,570,4.335211,6,2,39,3550,1250,98,531,757,,,,Hyundai Unicorns,Suwon kt wiz Park,148136,,,SM,SM,SM,113,37,2
2001,AL,HH,BGR,W,,133,,61,68,,Y,,,659,4556,1255,211,15,148,549,877,135,65,45,34,733,638,4.84557,7,3,25,3555,1288,142,541,813,,,,Hanwha Eagles,Hanwha Life Eagles Park,233374,,,BGR,BGR,BGR,64,64,7
2001,AL,KIA,HAI,W,,133,,60,68,,,,,683,4542,1263,221,17,142,497,774,92,63,56,43,727,657,5.06,10,3,28,3504,1231,160,499,743,,,,KIA Tigers,Mudeung Baseball Stadium,284486,,,HAI,HAI,HAI,130,45,6
2001,AL,LG,MBC,W,,133,,58,67,,,,,669,4521,1247,219,24,85,590,759,96,58,52,41,732,675,5.128025,0,0,26,3554,1253,127,647,765,,,,LG Twins,Seoul Sports Complex Baseball Stadium,707144,,,MBC,MBC,MBC,101,36,5
2001,AL,LOT,LOT,E,,133,,59,70,,,,,718,4521,1265,247,24,121,585,817,106,53,60,60,670,609,4.677952,0,0,33,3515,1238,128,523,790,,,,Lotte Giants,Sajik Baseball Stadium15,400573,,,LOT,LOT,LOT,65,65,3
2001,AL,SAM,SAM,E,,133,,81,52,Y,Y,Y,,739,4553,1262,244,21,162,520,814,73,44,95,42,644,582,4.411567,7,4,43,3562,1195,132,561,844,,,,Samsung Lions,Daegu Citizen Baseball Stadium,418612,,,SAM,SAM,SAM,88,32,1
2001,AL,SK,SK,E,,133,,60,71,,,,,596,4400,1143,215,11,113,457,770,123,59,71,26,640,574,4.410359,11,3,33,3514,1148,155,508,908,,,,SK Wyverns,Sungui baseball stadium,178645,,,SK,SK,SK,112,37,8
2002,AL,DOO,OB,E,,133,,66,65,,,,,587,4498,1173,174,21,130,434,794,106,42,58,46,562,517,3.933221,3,2,38,3549,1139,99,479,954,,,,Doosan Bears,Seoul Sports Complex Baseball Stadium,469080,,,OB,OB,OB,133,60,4
2002,AL,HD,SM,W,,133,,70,58,,Y,,,658,4444,1160,191,25,173,464,945,79,50,99,34,614,559,4.240798,3,2,38,3559,1219,142,416,890,,,,Hyundai Unicorns,Suwon kt wiz Park,118582,,,SM,SM,SM,113,37,2
2002,AL,HH,BGR,W,,133,,59,69,,,,,603,4491,1148,206,10,170,446,1064,94,65,49,22,672,631,4.793754,8,1,32,3554,1254,146,392,953,,,,Hanwha Eagles,Hanwha Life Eagles Park,158650,,,BGR,BGR,BGR,64,64,7
2002,AL,KIA,HAI,W,,133,,78,51,,Y,,,643,4575,1230,220,14,120,454,914,155,39,91,35,580,521,3.923849,10,1,38,3585,1185,151,370,862,,,,KIA Tigers,Mudeung Baseball Stadium,231955,,,HAI,HAI,HAI,130,45,6
2002,AL,LG,MBC,W,,133,,66,61,,Y,,,583,4492,1173,212,22,100,412,951,140,63,86,37,575,521,3.93813,2,0,32,3572,1119,135,501,896,,,,LG Twins,Seoul Sports Complex Baseball Stadium,637878,,,MBC,MBC,MBC,101,36,5
2002,AL,LOT,LOT,E,,133,,35,97,,,,,463,4512,1105,206,19,85,324,978,76,63,78,22,710,615,4.73887,5,1,13,3504,1269,130,443,775,,,,Lotte Giants,Sajik Baseball Stadium16,127995,,,LOT,LOT,LOT,65,65,3
2002,AL,SAM,SAM,E,,133,,82,47,Y,Y,Y,Y,777,4648,1321,266,16,191,469,804,47,29,97,34,581,522,3.922627,2,1,37,3593,1182,148,385,987,,,,Samsung Lions,Daegu Citizen Baseball Stadium,247698,,,SAM,SAM,SAM,88,32,1
2002,AL,SK,SK,E,,133,,61,69,,,,,618,4475,1207,204,27,158,385,815,80,55,100,34,638,586,4.473282,5,3,25,3537,1150,176,402,948,,,,SK Wyverns,Incheon SSG Landers Field,402732,,,SK,SK,SK,112,37,8
2003,AL,DOO,OB,E,,133,,57,74,,,,,563,4536,1251,205,21,90,452,706,58,36,62,52,619,555,4.248653,7,2,30,3527,1194,105,464,654,,,,Doosan Bears,Seoul Sports Complex Baseball Stadium,425782,,,OB,OB,OB,133,60,4
2003,AL,HD,SM,W,,133,,80,51,Y,Y,Y,Y,723,4483,1280,208,15,175,543,727,75,48,109,38,627,550,4.159664,2,1,39,3570,1245,120,457,840,,,,Hyundai Unicorns,Suwon kt wiz Park,174915,,,SM,SM,SM,113,37,2
2003,AL,HH,BGR,W,,133,,63,65,,,,,577,4458,1131,218,20,121,542,887,78,57,75,21,617,580,4.379195,4,2,35,3576,1184,142,437,772,,,,Hanwha Eagles,Hanwha Life Eagles Park,162735,,,BGR,BGR,BGR,64,64,7
2003,AL,KIA,HAI,W,,133,,78,50,,Y,,,657,4448,1211,219,16,129,505,721,146,67,42,37,527,478,3.651952,12,3,36,3534,1092,137,414,820,,,,KIA Tigers,Mudeung Baseball Stadium,266111,,,HAI,HAI,HAI,130,45,6
2003,AL,LG,MBC,W,,133,,60,71,,,,,509,4375,1088,188,29,106,404,781,135,62,70,40,579,521,4.008834,2,1,37,3509,1201,120,531,794,,,,LG Twins,Seoul Sports Complex Baseball Stadium,746858,,,MBC,MBC,MBC,101,36,5
2003,AL,LOT,LOT,E,,133,,39,91,,,,,491,4465,1143,232,18,73,338,848,84,66,73,28,709,648,5.008875,3,0,22,3493,1302,171,435,647,,,,Lotte Giants,Sajik Baseball Stadium17,150722,,,LOT,LOT,LOT,65,65,3
2003,AL,SAM,SAM,E,,133,,76,53,,Y,,,769,4564,1295,236,14,213,481,661,56,32,85,38,613,574,4.366864,2,1,30,3549,1199,133,494,808,,,,Samsung Lions,Daegu Citizen Baseball Stadium,356712,,,SAM,SAM,SAM,88,32,1
2003,AL,SK,SK,E,,133,,66,64,,Y,,,644,4445,1208,209,16,156,464,763,82,57,89,32,642,583,4.441591,3,3,43,3544,1190,135,497,759,,,,SK Wyverns,Incheon SSG Landers Field,438966,,,SK,SK,SK,112,37,8
2004,AL,DOO,OB,E,,133,,70,62,,Y,,,606,4485,1200,202,19,89,433,780,71,59,96,40,560,508,3.882253,4,2,38,3533,1144,95,457,799,,,,Doosan Bears,Seoul Sports Complex Baseball Stadium,456726,,,OB,OB,OB,133,60,4
2004,AL,HD,SM,W,,133,,75,53,Y,Y,Y,Y,692,4480,1233,190,13,134,607,871,100,45,86,38,590,537,4.071609,3,0,36,3561,1193,123,440,842,,,,Hyundai Unicorns,Suwon kt wiz Park,0,,,SM,SM,SM,113,37,2
2004,AL,HH,BGR,W,,133,,53,74,,,,,632,4519,1213,245,17,140,456,923,82,58,54,33,750,688,5.244495,3,0,37,3542,1290,170,455,699,,,,Hanwha Eagles,Hanwha Life Eagles Park,128387,,,BGR,BGR,BGR,64,64,7
2004,AL,KIA,HAI,W,,133,,67,61,,Y,,,643,4426,1182,224,9,143,549,693,127,54,79,54,637,594,4.519019,5,3,27,3549,1198,119,496,773,,,,KIA Tigers,Mudeung Baseball Stadium,155881,,,HAI,HAI,HAI,130,45,6
2004,AL,LG,MBC,W,,133,,59,70,,,,,588,4432,1150,176,24,102,441,892,69,48,95,40,637,566,4.375036,3,1,35,3493,1235,116,543,783,,,,LG Twins,Seoul Sports Complex Baseball Stadium,620865,,,MBC,MBC,MBC,101,36,5
2004,AL,LOT,LOT,E,,133,,50,72,,,,,533,4462,1125,195,21,88,416,853,129,46,92,31,608,558,4.218986,4,2,29,3571,1216,109,449,753,,,,Lotte Giants,Sajik Baseball Stadium18,307537,,,LOT,LOT,LOT,65,65,3
2004,AL,SAM,SAM,E,,133,,73,52,,Y,,,641,4509,1215,225,9,132,460,704,50,32,86,31,564,500,3.761493,4,2,42,3589,1092,118,505,994,,,,Samsung Lions,Daegu Citizen Baseball Stadium,195872,,,SAM,SAM,SAM,88,32,1
2004,AL,SK,SK,E,,133,,61,64,,,,,655,4499,1223,196,9,138,521,818,50,47,93,35,644,580,4.400112,3,1,29,3559,1173,116,538,891,,,,SK Wyverns,Incheon SSG Landers Field,337674,,,SK,SK,SK,112,37,8
2005,AL,DOO,OB,E,,126,,72,51,,Y,,,596,4256,1147,183,17,63,465,701,103,50,85,35,465,427,3.416,3,2,33,3375,1038,90,440,818,,,,Doosan Bears,Seoul Sports Complex Baseball Stadium,616679,,,OB,OB,OB,133,60,4
2005,AL,HD,SM,W,,126,,53,70,,,,,563,4190,1071,168,16,134,458,817,81,38,120,26,647,583,4.703018,2,0,28,3347,1175,125,422,803,,,,Hyundai Unicorns,Suwon kt wiz Park,0,,,SM,SM,SM,113,37,2
2005,AL,HH,BGR,W,,126,,64,61,,Y,,,622,4304,1163,211,9,159,400,824,62,24,75,31,603,545,4.414941,2,1,36,3333,1193,111,389,662,,,,Hanwha Eagles,Hanwha Life Eagles Park,218333,,,BGR,BGR,BGR,64,64,7
2005,AL,KIA,HAI,W,,126,,49,76,,,,,541,4234,1102,183,13,99,430,718,101,43,74,31,659,595,4.846154,8,1,24,3315,1166,138,510,786,,,,KIA Tigers,Mudeung Baseball Stadium,166197,,,HAI,HAI,HAI,130,45,6
2005,AL,LG,MBC,W,,126,,54,71,,,,,601,4222,1098,189,21,105,349,915,149,45,93,41,666,600,4.8987,3,1,31,3307,1212,109,480,781,,,,LG Twins,Seoul Sports Complex Baseball Stadium,754888,,,MBC,MBC,MBC,101,36,5
2005,AL,LOT,LOT,E,,126,,58,67,,,,,500,4177,1058,202,23,83,361,856,88,52,70,20,573,536,4.305861,2,0,33,3361,1097,91,408,817,,,,Lotte Giants,Sajik Baseball Stadium19,652475,,,LOT,LOT,LOT,65,65,3
2005,AL,SAM,SAM,E,,126,,74,48,Y,Y,Y,Y,614,4234,1134,178,6,111,500,748,97,38,109,34,528,480,3.825266,2,1,37,3388,1026,109,387,875,,,,Samsung Lions,Daegu Citizen Baseball Stadium,360386,,,SAM,SAM,SAM,88,32,1
2005,AL,SK,SK,E,,126,,70,50,,Y,,,589,4230,1139,174,12,122,495,806,101,54,85,38,485,432,3.419525,2,2,27,3411,1005,103,422,843,,,,SK Wyverns,Incheon SSG Landers Field,458121,,,SK,SK,SK,112,37,8
2006,AL,DOO,OB,E,,126,,63,60,,,,,455,4147,1068,152,28,55,368,635,132,57,83,27,467,416,3.355841,7,3,39,3347,968,69,424,834,,,,Doosan Bears,Seoul Sports Complex Baseball Stadium,726359,,,OB,OB,OB,133,60,4
2006,AL,HD,SM,W,,126,,70,55,,Y,,,547,4092,1104,172,9,92,444,628,71,47,77,32,467,426,3.439593,2,1,41,3344,1053,69,394,816,,,,Hyundai Unicorns,Suwon kt wiz Park,0,,,SM,SM,SM,113,37,2
2006,AL,HH,BGR,W,,126,,67,57,,Y,,,511,4170,1057,191,3,110,442,800,65,28,59,30,475,420,3.370987,11,3,41,3364,1077,94,373,760,,,,Hanwha Eagles,Hanwha Life Eagles Park,244664,,,BGR,BGR,BGR,64,64,7
2006,AL,KIA,HAI,W,,126,,64,59,,Y,,,476,4181,1067,191,22,62,390,650,93,43,55,26,451,417,3.355887,2,0,35,3355,998,73,442,735,,,,KIA Tigers,Mudeung Baseball Stadium,204148,,,HAI,HAI,HAI,130,45,6
2006,AL,LG,MBC,W,,126,,47,75,,,,,457,4217,1037,181,16,81,330,813,84,33,52,32,574,521,4.224324,3,2,29,3330,1144,87,439,625,,,,LG Twins,Seoul Sports Complex Baseball Stadium,718635,,,MBC,MBC,MBC,101,36,5
2006,AL,LOT,LOT,E,,126,,50,73,,,,,488,4137,1034,173,3,88,418,815,62,41,65,21,541,482,3.877831,5,1,28,3356,1128,83,410,637,,,,Lotte Giants,Sajik Baseball Stadium20,441133,,,LOT,LOT,LOT,65,65,3
2006,AL,SAM,SAM,E,,126,,73,50,Y,Y,Y,Y,538,4091,1043,192,9,73,477,689,121,52,79,42,471,414,3.332737,1,0,49,3354,1030,100,365,781,,,,Samsung Lions,Daegu Citizen Baseball Stadium,247787,,,SAM,SAM,SAM,88,32,1
2006,AL,SK,SK,E,,126,,60,65,,,,,509,4177,1059,171,19,99,424,859,117,47,63,33,535,475,3.803381,0,0,33,3372,1071,85,446,701,,,,SK Wyverns,Incheon SSG Landers Field,331143,,,SK,SK,SK,112,37,8
2007,AL,DOO,OB,E,,126,,70,54,,Y,,,578,4199,1103,209,32,78,449,748,161,59,88,51,480,434,3.452563,6,4,30,3394,1067,74,399,721,,,,Doosan Bears,Seoul Sports Complex Baseball Stadium,786054,,,OB,OB,OB,133,60,4
2007,AL,HD,SM,W,,126,,56,69,,,,,530,4260,1154,178,7,96,443,653,51,36,60,32,615,554,4.424135,1,0,27,3381,1104,119,466,796,,,,Hyundai Unicorns,Suwon kt wiz Park,0,,,SM,SM,SM,113,37,2
2007,AL,HH,BGR,W,,126,,67,57,,Y,,,534,4128,1050,165,13,104,506,705,48,21,56,28,481,440,3.538874,9,3,39,3357,1084,84,451,741,,,,Hanwha Eagles,Hanwha Life Eagles Park,322537,,,BGR,BGR,BGR,64,64,7
2007,AL,KIA,HAI,W,,126,,51,74,,,,,499,4204,1080,198,16,73,428,630,70,44,55,45,602,557,4.517573,2,1,26,3329,1109,103,526,670,,,,KIA Tigers,Mudeung Baseball Stadium,207232,,,HAI,HAI,HAI,130,45,6
2007,AL,LG,MBC,W,,126,,58,62,,,,,532,4322,1160,186,19,78,431,704,130,46,48,43,600,548,4.342824,2,1,34,3407,1181,63,514,630,,,,LG Twins,Seoul Sports Complex Baseball Stadium,901172,,,MBC,MBC,MBC,101,36,5
2007,AL,LOT,LOT,E,,126,,55,68,,,,,533,4273,1152,193,18,76,405,763,67,46,73,39,554,515,4.135931,2,0,22,3362,1164,93,414,704,,,,Lotte Giants,Sajik Baseball Stadium21,759513,,,LOT,LOT,LOT,65,65,3
2007,AL,SAM,SAM,E,,126,,62,60,,Y,,,497,4186,1062,191,9,86,511,678,101,46,63,39,509,467,3.713991,0,0,41,3395,1091,90,400,719,,,,Samsung Lions,Daegu Citizen Baseball Stadium,336936,,,SAM,SAM,SAM,88,32,1
2007,AL,SK,SK,E,,126,,73,48,Y,Y,Y,Y,603,4236,1118,212,20,112,442,750,136,68,76,40,465,412,3.254535,1,0,36,3418,1079,77,445,650,,,,SK Wyverns,Incheon SSG Landers Field,656426,,,SK,SK,SK,112,37,8
2008,AL,DOO,OB,E,,126,,70,56,,Y,,,647,4344,1198,166,37,68,472,719,189,63,78,44,542,490,3.886604,0,0,26,3404,1115,78,379,780,,,,Doosan Bears,Seoul Sports Complex Baseball Stadium,929600,,,OB,OB,OB,133,60,4
2008,AL,HH,BGR,W,,126,,64,62,,,,,592,4275,1086,204,20,120,463,770,97,25,57,35,595,556,4.429625,3,1,36,3389,1136,95,519,723,,,,Hanwha Eagles,Hanwha Life Eagles Park,372986,,,BGR,BGR,BGR,64,64,7
2008,AL,KIA,HAI,W,,126,,57,69,,,,,503,4210,1095,188,28,48,453,642,131,65,48,35,555,510,4.08363,3,1,29,3372,1078,65,473,733,,,,KIA Tigers,Mudeung Baseball Stadium,367794,,,HAI,HAI,HAI,130,45,6
2008,AL,LG,MBC,W,,126,,46,80,,,,,468,4184,1070,164,23,66,364,765,111,45,59,50,646,601,4.880301,1,0,25,3325,1239,82,480,631,,,,LG Twins,Seoul Sports Complex Baseball Stadium,806662,,,MBC,MBC,MBC,101,36,5
2008,AL,LOT,LOT,E,,126,,69,57,,Y,,,624,4256,1200,199,22,93,445,728,133,68,76,51,518,457,3.675603,9,3,27,3357,1134,70,409,671,,,,Lotte Giants,Sajik Baseball Stadium22,1379735,,,LOT,LOT,LOT,65,65,3
2008,AL,SAM,SAM,E,,126,,65,61,,Y,,,557,4180,1078,186,16,92,505,699,59,37,65,38,596,552,4.422552,0,0,40,3370,1184,87,416,703,,,,Samsung Lions,Daegu Citizen Baseball Stadium,387231,,,SAM,SAM,SAM,88,32,1
2008,AL,SK,SK,E,,126,,83,43,Y,Y,Y,Y,632,4332,1222,215,23,89,491,735,170,83,62,38,461,412,3.221546,1,1,43,3453,1053,78,448,801,,,,SK Wyverns,Incheon SSG Landers Field,754247,,,SK,SK,SK,112,37,8
2008,AL,WR,WR,W,,126,,50,76,,,,,499,4317,1149,190,19,70,396,713,97,57,37,33,609,555,4.438685,4,2,29,3376,1159,91,465,729,,,,Woori Heroes,Mokdong Baseball Stadium,258077,,,WR,WR,WR,113,37,2
2009,AL,DOO,OB,E,,133,,71,60,,Y,,,722,4591,1286,215,33,120,522,849,129,50,86,40,662,609,4.620118,1,0,32,3559,1221,120,515,862,,,,Doosan Bears,Seoul Sports Complex Baseball Stadium,1053966,,,OB,OB,OB,133,60,4
2009,AL,HEO,WR,W,,133,,60,72,,,,,683,4486,1219,228,20,153,547,905,192,67,63,48,762,711,5.449049,0,0,29,3523,1231,176,565,840,,,,Seoul Heroes,Mokdong Baseball Stadium,329715,,,WR,WR,WR,113,37,2
2009,AL,HH,BGR,W,,133,,46,84,,,,,657,4620,1241,211,13,164,498,1017,69,20,81,31,805,745,5.711244,4,2,16,3522,1335,176,569,908,,,,Hanwha Eagles,Hanwha Life Eagles Park,375589,,,BGR,BGR,BGR,64,64,7
2009,AL,KIA,HAI,W,,133,,81,48,,Y,,Y,706,4455,1191,197,24,156,579,890,113,52,66,41,581,522,3.918265,4,0,38,3597,1178,108,441,893,,,,KIA Tigers,Mudeung Baseball Stadium,582005,,,HAI,HAI,HAI,130,45,6
2009,AL,LG,MBC,W,,133,,54,75,,,,,670,4505,1251,182,21,129,552,781,141,47,49,45,763,707,5.415319,0,0,25,3525,1316,165,585,777,,,,LG Twins,Seoul Sports Complex Baseball Stadium,975333,,,MBC,MBC,MBC,101,36,5
2009,AL,LOT,LOT,E,,133,,66,67,,Y,,,637,4420,1223,252,15,121,456,816,106,45,68,49,669,614,4.75423,6,6,40,3487,1290,139,487,722,,,,Lotte Giants,Sajik Baseball Stadium23,1380018,,,LOT,LOT,LOT,65,65,3
2009,AL,SAM,SAM,E,,133,,64,69,,,,,685,4459,1224,233,15,146,584,789,125,50,67,43,700,644,4.980808,3,1,32,3491,1226,141,609,905,,,,Samsung Lions,Daegu Citizen Baseball Stadium,387389,,,SAM,SAM,SAM,88,32,1
2009,AL,SK,SK,E,,133,,80,47,Y,Y,Y,,732,4574,1303,235,17,166,552,892,181,68,84,40,550,496,3.680132,2,0,33,3639,1141,130,519,1032,,,,SK Wyverns,Incheon SSG Landers Field,841270,,,SK,SK,SK,112,37,8
2010,AL,DOO,OB,E,,133,,73,57,,Y,,,731,4538,1276,224,25,149,533,834,128,61,89,38,669,607,4.630969,2,0,30,3539,1190,135,437,888,,,,Doosan Bears,Seoul Sports Complex Baseball Stadium,1070673,,,OB,OB,OB,133,60,4
2010,AL,HH,BGR,W,,133,,49,82,,,,,543,4321,1053,160,13,104,497,943,121,70,80,33,763,705,5.426169,6,4,24,3508,1290,146,551,806,,,,Hanwha Eagles,Hanwha Life Eagles Park,397297,,,BGR,BGR,BGR,64,64,7
2010,AL,KIA,HAI,W,,133,,59,74,,,,,611,4416,1148,190,17,106,523,865,117,52,85,33,641,578,4.394818,4,1,25,3551,1227,93,468,885,,,,KIA Tigers,Mudeung Baseball Stadium,436285,,,HAI,HAI,HAI,130,45,6
2010,AL,LG,MBC,W,,133,,57,71,,,,,688,4604,1270,223,17,121,486,907,169,56,54,44,746,693,5.25,3,1,31,3564,1279,125,560,793,,,,LG Twins,Seoul Sports Complex Baseball Stadium,1010078,,,MBC,MBC,MBC,101,36,5
2010,AL,LOT,LOT,E,,133,,69,61,,Y,,,773,4673,1345,220,16,185,420,873,124,51,67,41,710,645,4.861809,7,3,21,3582,1291,149,419,779,,,,Lotte Giants,Sajik Baseball Stadium24,1175665,,,LOT,LOT,LOT,65,65,3
2010,AL,NEX,WR,W,,133,,52,78,,,,,570,4452,1165,199,20,87,480,874,135,56,68,43,652,600,4.5544,1,1,27,3557,1162,122,614,832,,,,Nexen Heroes,Mokdong Baseball Stadium,399496,,,WR,WR,WR,113,37,2
2010,AL,SAM,SAM,E,,133,,79,52,,Y,,,681,4436,1207,212,14,118,621,916,158,55,75,44,575,523,3.943312,2,1,33,3581,1168,103,453,951,,,,Samsung Lions,Daegu Citizen Baseball Stadium,455246,,,SAM,SAM,SAM,88,32,1
2010,AL,SK,SK,E,,133,,84,47,Y,Y,Y,Y,704,4439,1217,222,16,120,485,813,161,69,98,44,545,496,3.725174,2,1,36,3595,1074,117,543,1091,,,,SK Wyverns,Incheon SSG Landers Field,983886,,,SK,SK,SK,112,37,8
2011,AL,DOO,OB,E,,133,,61,70,,,,,614,4498,1221,196,27,92,513,799,130,57,81,39,619,570,4.31576,4,2,34,3566,1231,96,476,855,,,,Doosan Bears,Seoul Sports Complex Baseball Stadium,1253735,,,OB,OB,OB,133,60,4
2011,AL,HH,BGR,W,,133,,59,72,,,,,568,4367,1112,160,14,93,488,906,100,76,74,25,727,668,5.116596,4,1,26,3525,1273,128,524,938,,,,Hanwha Eagles,Hanwha Life Eagles Park,464871,,,BGR,BGR,BGR,64,64,7
2011,AL,KIA,HAI,W,,133,,70,63,,Y,,,627,4373,1177,204,15,106,554,782,113,38,59,34,580,536,4.145517,7,4,29,3491,1117,87,457,920,,,,KIA Tigers,Mudeung Baseball Stadium,592653,,,HAI,HAI,HAI,130,45,6
2011,AL,LG,MBC,W,,133,,59,72,,,,,579,4522,1203,192,15,94,463,858,116,52,49,37,620,552,4.161966,3,1,30,3581,1173,80,512,827,,,,LG Twins,Seoul Sports Complex Baseball Stadium,1191715,,,MBC,MBC,MBC,101,36,5
2011,AL,LOT,LOT,E,,133,,72,56,,Y,,,713,4599,1324,226,30,111,466,836,112,58,64,44,619,557,4.223252,3,2,27,3561,1256,113,430,787,,,,Lotte Giants,Sajik Baseball Stadium25,1358322,,,LOT,LOT,LOT,65,65,3
2011,AL,NEX,WR,W,,133,,51,80,,,,,512,4343,1065,187,23,79,460,992,99,55,51,32,622,570,4.379624,0,0,30,3514,1167,81,601,830,,,,Nexen Heroes,Mokdong Baseball Stadium,441427,,,WR,WR,WR,113,37,2
2011,AL,SAM,SAM,E,,133,,79,50,Y,Y,Y,Y,625,4437,1150,193,20,95,522,940,158,51,69,43,513,445,3.347729,1,1,48,3589,1191,92,395,841,,,,Samsung Lions,Daegu Citizen Baseball Stadium,508645,,,SAM,SAM,SAM,88,32,1
2011,AL,SK,SK,E,,133,,71,59,,Y,,,584,4404,1157,204,18,100,470,891,105,61,67,36,522,476,3.592955,1,0,37,3577,1001,93,541,1006,,,,SK Wyverns,Incheon SSG Landers Field,998660,,,SK,SK,SK,112,37,8
2012,AL,DOO,OB,E,,133,,68,62,,Y,,,524,4379,1139,172,26,59,362,659,116,51,54,40,519,476,3.589944,9,3,38,3580,1053,66,491,802,,,,Doosan Bears,Seoul Sports Complex Baseball Stadium,1291703,,,OB,OB,OB,133,60,4
2012,AL,HH,BGR,W,,133,,53,77,,,,,509,4331,1077,208,12,71,538,907,107,53,61,27,647,594,4.560136,3,0,29,3517,1148,106,488,936,,,,Hanwha Eagles,Hanwha Life Eagles Park,519794,,,BGR,BGR,BGR,64,64,7
2012,AL,KIA,HAI,W,,133,,62,65,,,,,553,4348,1112,197,19,54,544,790,132,51,60,47,564,513,3.900591,11,6,27,3551,1161,69,452,822,,,,KIA Tigers,Mudeung Baseball Stadium,502016,,,HAI,HAI,HAI,130,45,6
2012,AL,LG,MBC,W,,133,,57,72,,,,,544,4539,1184,212,18,59,458,857,140,57,53,50,580,537,4.020799,1,0,35,3606,1235,65,422,735,,,,LG Twins,Seoul Sports Complex Baseball Stadium,1259480,,,MBC,MBC,MBC,101,36,5
2012,AL,LOT,LOT,E,,133,,65,62,,Y,,,509,4481,1179,202,16,73,375,890,119,53,54,26,518,461,3.485578,3,1,39,3571,1145,74,469,825,,,,Lotte Giants,Sajik Baseball Stadium26,1368995,,,LOT,LOT,LOT,65,65,3
2012,AL,NEX,WR,W,,133,,61,69,,,,,549,4338,1056,189,28,102,476,892,179,72,72,43,551,505,3.827906,3,1,36,3562,1131,80,535,853,,,,Nexen Heroes,Mokdong Baseball Stadium,599381,,,WR,WR,WR,113,37,2
2012,AL,SAM,SAM,E,,133,,80,51,Y,Y,Y,Y,628,4436,1205,200,26,89,500,813,125,48,86,47,473,448,3.394892,3,0,39,3563,1085,65,384,885,,,,Samsung Lions,Daegu Citizen Baseball Stadium,544859,,,SAM,SAM,SAM,88,32,1
2012,AL,SK,SK,E,,133,,71,59,,Y,,,564,4347,1120,197,15,108,445,864,104,75,58,28,528,502,3.824492,0,0,40,3544,1114,90,457,814,,,,SK Wyverns,Incheon SSG Landers Field,1069929,,,SK,SK,SK,112,37,8
2013,AL,DOO,OB,E,,128,,71,54,,Y,,,699,4401,1271,217,37,95,524,717,172,61,79,56,625,584,4.56911,1,0,30,3451,1183,84,514,848,,,,Doosan Bears,Seoul Sports Complex Baseball Stadium,1152615,,,OB,OB,OB,133,60,4
2013,AL,HH,BGR,W,,128,,42,85,,,,,480,4271,1106,212,13,47,479,933,70,49,80,30,711,667,5.317095,2,0,22,3387,1195,98,532,822,,,,Hanwha Eagles,Hanwha Life Eagles Park,386893,,,BGR,BGR,BGR,64,64,7
2013,AL,KIA,HAI,W,,128,,51,74,,,,,587,4318,1125,195,13,88,537,864,141,47,75,42,711,650,5.121097,2,0,32,3427,1307,88,533,923,,,,KIA Tigers,Mudeung Baseball Stadium,470526,,,HAI,HAI,HAI,130,45,6
2013,AL,LG,MBC,W,,128,,74,54,,Y,,,615,4287,1209,193,38,59,451,806,139,71,59,42,510,469,3.720035,4,2,42,3404,1131,74,406,822,,,,LG Twins,Seoul Sports Complex Baseball Stadium,1289297,,,MBC,MBC,MBC,101,36,5
2013,AL,LOT,LOT,E,,128,,66,58,,,,,556,4289,1118,208,18,61,503,862,133,58,71,41,553,503,3.938805,1,1,38,3448,1148,84,489,820,,,,Lotte Giants,Sajik Baseball Stadium27,770731,,,LOT,LOT,LOT,65,65,3
2013,AL,NC,NC,W,,128,,52,72,,,,,512,4282,1045,209,25,86,434,955,142,47,62,31,551,503,3.956015,5,1,26,3433,1077,96,458,857,,,,NC Dinos,Masan Baseball Stadium,528739,,,NC,NC,NC,150,150,150
2013,AL,NEX,WR,W,,128,,72,54,,Y,,,646,4295,1167,209,11,125,505,912,131,65,98,42,576,525,4.121838,0,0,50,3439,1160,75,503,860,,,,Nexen Heroes,Mokdong Baseball Stadium,479619,,,WR,WR,WR,113,37,2
2013,AL,SAM,SAM,E,,128,,75,51,Y,Y,Y,Y,669,4370,1235,212,17,113,453,818,95,41,93,41,545,507,3.97936,2,1,31,3440,1119,98,411,955,,,,Samsung Lions,Daegu Citizen Baseball Stadium,451483,,,SAM,SAM,SAM,88,32,1
2013,AL,SK,SK,E,,128,,62,63,,,,,588,4278,1134,189,20,124,465,918,144,63,86,37,571,527,4.164179,4,1,31,3417,1091,101,505,878,,,,SK Wyverns,Incheon SSG Landers Field,912042,,,SK,SK,SK,112,37,8
2014,AL,DOO,OB,E,,128,,59,68,,,,,687,4427,1299,235,26,108,468,731,111,44,64,43,733,678,5.430436,4,0,19,3371,1311,121,450,840,,,,Doosan Bears,Seoul Sports Complex Baseball Stadium,1128298,,,OB,OB,OB,133,60,4
2014,AL,HH,BGR,W,,128,,49,77,,,,,619,4417,1251,223,24,104,489,839,70,41,56,43,889,796,6.345438,2,1,26,3387,1451,162,537,748,,,,Hanwha Eagles,Hanwha Life Eagles Park,475126,,,BGR,BGR,BGR,64,64,7
2014,AL,KIA,HAI,W,,128,,54,74,,,,,662,4443,1279,246,27,121,416,870,121,63,62,35,788,725,5.817236,2,1,26,3365,1289,116,561,896,,,,KIA Tigers,GWANGJU-KIA CHAMPIONS FIELD,663430,,,HAI,HAI,HAI,130,45,6
2014,AL,LG,MBC,W,,128,,62,64,,Y,,,668,4349,1214,213,22,90,524,817,105,64,63,57,643,582,4.584014,2,1,35,3428,1211,104,419,810,,,,LG Twins,Seoul Sports Complex Baseball Stadium,1167400,,,MBC,MBC,MBC,101,36,5
2014,AL,LOT,LOT,E,,128,,58,69,,,,,716,4487,1288,252,26,121,534,964,63,41,70,41,719,655,5.201471,0,0,28,3400,1310,127,470,781,,,,Lotte Giants,Sajik Baseball Stadium28,830820,,,LOT,LOT,LOT,65,65,3
2014,AL,NC,NC,W,,128,,70,57,,Y,,,737,4426,1249,228,36,143,443,918,154,47,67,51,608,541,4.28735,4,1,31,3407,1174,117,481,848,,,,NC Dinos,Masan Baseball Stadium,467033,,,NC,NC,NC,150,150,150
2014,AL,NEX,WR,W,,128,,78,48,,Y,,,841,4434,1323,275,31,199,523,849,100,44,101,40,716,660,5.248895,0,0,35,3395,1299,142,516,901,,,,Nexen Heroes,Mokdong Baseball Stadium,442941,,,WR,WR,WR,113,37,2
2014,AL,SAM,SAM,E,,128,,78,47,Y,Y,Y,Y,812,4464,1345,238,23,161,507,743,161,46,62,43,621,575,4.523601,3,1,35,3432,1217,120,395,996,,,,Samsung Lions,Daegu Citizen Baseball Stadium,505045,,,SAM,SAM,SAM,88,32,1
2014,AL,SK,SK,E,,128,,61,65,,,,,735,4423,1285,245,22,115,447,926,139,46,72,49,760,692,5.514758,2,0,26,3388,1271,153,522,837,,,,SK Wyverns,Incheon SSG Landers Field,829822,,,SK,SK,SK,112,37,8
2015,AL,DOO,OB,E,,144,,79,65,,Y,,Y,807,4957,1436,254,22,140,567,820,111,47,99,60,776,718,5.024883,3,2,30,3858,1385,138,584,1064,,,,Doosan Bears,Seoul Sports Complex Baseball Stadium,1120381,,,OB,OB,OB,133,60,4
2015,AL,HH,BGR,W,,144,,68,76,,,,,717,4852,1316,218,19,130,581,1135,80,47,109,35,800,727,5.11305,5,3,32,3839,1349,157,648,920,,,,Hanwha Eagles,Hanwha Life Eagles Park,657385,,,BGR,BGR,BGR,64,64,7
2015,AL,KIA,HAI,W,,144,,67,77,,,,,648,4777,1197,223,22,136,454,1126,115,50,101,43,739,678,4.793401,1,1,32,3819,1371,143,572,979,,,,KIA Tigers,GWANGJU-KIA CHAMPIONS FIELD,710141,,,HAI,HAI,HAI,130,45,6
2015,AL,LG,MBC,W,,144,,64,78,,,,,653,4941,1331,252,22,114,462,1076,113,62,80,41,721,657,4.620735,3,1,25,3839,1352,125,490,1063,,,,LG Twins,Seoul Sports Complex Baseball Stadium,1053405,,,MBC,MBC,MBC,101,36,5
2015,AL,LOT,LOT,E,,144,,66,77,,,,,765,4972,1393,254,19,177,532,1186,104,50,68,28,801,721,5.064256,3,1,19,3844,1461,164,489,1015,,,,Lotte Giants,Sajik Baseball Stadium29,800962,,,LOT,LOT,LOT,65,65,3
2015,AL,NC,NC,W,,144,,84,57,,Y,,,844,4967,1437,283,28,161,536,1023,204,60,106,53,655,605,4.256123,1,0,37,3838,1283,149,436,1057,,,,NC Dinos,Masan Baseball Stadium,522669,,,NC,NC,NC,150,150,150
2015,AL,NEX,WR,W,,144,,78,65,,Y,,,904,5069,1512,304,20,203,544,1098,100,47,82,55,790,701,4.90591,1,1,29,3858,1404,146,518,1066,,,,Nexen Heroes,Mokdong Baseball Stadium,510802,,,WR,WR,WR,113,37,2
2015,AL,SAM,SAM,E,,144,,88,56,Y,Y,Y,,897,5019,1515,259,25,176,581,930,157,52,70,57,716,665,4.692891,4,1,34,3826,1323,182,423,1194,,,,Samsung Lions,Daegu Citizen Baseball Stadium,524971,,,SAM,SAM,SAM,88,32,1
2015,AL,SK,SK,E,,144,,69,73,,Y,,,693,4861,1323,214,10,145,490,1047,94,59,98,29,724,670,4.708485,3,2,31,3842,1358,153,517,1149,,,,SK Wyverns,Incheon SSG Landers Field,814349,,,SK,SK,SK,112,37,8
2015,AL,kt,kt,E,,144,,52,91,,,,,670,4927,1344,221,15,129,507,1112,124,52,58,37,875,782,5.556316,3,0,16,3800,1518,154,577,1046,,,,kt Wiz,Suwon kt wiz Park,645465,,,kt,kt,kt,151,151,151
2016,AL,DOO,OB,E,,144,,93,50,Y,Y,Y,Y,935,5044,1504,284,25,183,600,884,85,45,86,68,682,636,4.44525,2,2,36,3863,1385,136,498,982,,,,Doosan Bears,Seoul Sports Complex Baseball Stadium,1165020,,,OB,OB,OB,133,60,4
2016,AL,HH,BGR,W,,144,,66,75,,,,,826,5109,1478,242,27,142,510,1025,64,38,91,41,908,827,5.757865,1,0,24,3878,1520,155,634,976,,,,Hanwha Eagles,Hanwha Life Eagles Park,660472,,,BGR,BGR,BGR,64,64,7
2016,AL,KIA,HAI,W,,144,,70,73,,Y,,,803,4999,1429,264,28,170,499,997,101,50,87,45,785,705,4.972571,7,1,38,3828,1456,131,561,965,,,,KIA Tigers,GWANGJU-KIA CHAMPIONS FIELD,773499,,,HAI,HAI,HAI,130,45,6
2016,AL,LG,MBC,W,,144,,71,71,,Y,,,786,5051,1464,238,26,118,523,982,121,70,72,54,807,721,5.039348,2,2,34,3863,1426,122,539,909,,,,LG Twins,Seoul Sports Complex Baseball Stadium,1157646,,,MBC,MBC,MBC,101,36,5
2016,AL,LOT,LOT,E,,144,,66,78,,,,,777,5001,1439,252,20,127,596,1061,145,64,83,41,865,792,5.62885,2,1,27,3799,1486,161,585,1009,,,,Lotte Giants,Sajik Baseball Stadium30,852639,,,LOT,LOT,LOT,65,65,3
2016,AL,NC,NC,W,,144,,83,58,,Y,,,857,5007,1457,249,19,169,609,1023,99,41,93,52,690,640,4.477844,0,0,36,3859,1314,137,516,1147,,,,NC Dinos,Masan Baseball Stadium,549125,,,NC,NC,NC,150,150,150
2016,AL,NEX,WR,W,,144,,77,66,,Y,,,813,4990,1464,254,39,134,556,956,154,83,63,59,757,705,4.955741,0,0,38,3841,1487,152,435,895,,,,Nexen Heroes,Gocheok Sky Dome,782121,,,WR,WR,WR,113,37,2
2016,AL,SAM,SAM,E,,144,,65,78,,,,,852,5093,1492,249,34,142,552,864,104,50,75,55,869,804,5.642839,2,0,34,3847,1507,193,518,935,,,,Samsung Lions,Daegu Samsung Lions Parks,851417,,,SAM,SAM,SAM,88,32,1
2016,AL,SK,SK,E,,144,,69,75,,,,,753,5023,1464,234,19,182,429,1018,89,60,102,47,784,689,4.867347,1,0,31,3822,1386,151,527,945,,,,SK Wyverns,Incheon SSG Landers Field,865194,,,SK,SK,SK,112,37,8
2016,AL,kt,kt,E,,144,,53,89,,,,,672,4963,1369,214,11,116,499,933,96,46,48,45,927,838,5.924588,1,1,27,3819,1593,145,560,980,,,,kt Wiz,Suwon kt wiz Park,682444,,,kt,kt,kt,151,151,151
2017,AL,DOO,OB,E,,144,,84,57,,Y,,,849,5102,1499,270,20,178,541,960,69,33,95,47,678,627,4.381211,3,2,35,3864,1405,125,464,956,,,,Doosan Bears,Seoul Sports Complex Baseball Stadium,1094829,,,OB,OB,OB,133,60,4
2017,AL,HH,BGR,W,,144,,61,81,,,,,737,5030,1445,261,16,150,416,974,64,44,94,38,820,747,5.281225,1,0,31,3819,1474,166,446,914,,,,Hanwha Eagles,Hanwha Life Eagles Park,593251,,,BGR,BGR,BGR,64,64,7
2017,AL,KIA,HAI,W,,144,,87,56,Y,Y,Y,Y,906,5142,1554,292,29,170,499,891,76,34,89,56,743,687,4.793023,5,2,33,3870,1518,137,434,985,,,,KIA Tigers,GWANGJU-KIA CHAMPIONS FIELD,1024830,,,HAI,HAI,HAI,130,45,6
2017,AL,LG,MBC,W,,144,,69,72,,,,,699,4944,1390,216,20,110,438,1021,77,56,101,55,677,611,4.299453,4,1,32,3837,1305,124,379,1040,,,,LG Twins,Seoul Sports Complex Baseball Stadium,1134846,,,MBC,MBC,MBC,101,36,5
2017,AL,LOT,LOT,E,,144,,80,62,,Y,,,743,4994,1425,250,17,151,457,1018,92,44,112,32,701,652,4.55826,1,0,39,3862,1357,162,477,1096,,,,Lotte Giants,Sajik Baseball Stadium31,1038492,,,LOT,LOT,LOT,65,65,3
2017,AL,NC,NC,W,,144,,79,62,,Y,,,786,5079,1489,277,19,149,471,979,93,32,130,48,745,673,4.714842,1,0,32,3854,1342,169,470,1097,,,,NC Dinos,Masan Baseball Stadium,531121,,,NC,NC,NC,150,150,150
2017,AL,NEX,WR,W,,144,,69,73,,,,,789,5098,1479,267,30,141,468,1066,70,34,83,42,764,710,5.027537,2,1,40,3813,1488,149,388,1005,,,,Nexen Heroes,Gocheok Sky Dome,699380,,,WR,WR,WR,113,37,2
2017,AL,SAM,SAM,E,,144,,55,84,,,,,757,5095,1419,255,36,145,429,983,98,37,70,55,911,837,5.879032,1,0,27,3844,1541,187,548,1063,,,,Samsung Lions,Daegu Samsung Lions Parks,704857,,,SAM,SAM,SAM,88,32,1
2017,AL,SK,SK,E,,144,,75,68,,Y,,,761,4925,1337,222,15,234,427,1100,53,42,113,41,767,709,5.021773,2,1,30,3812,1443,154,481,940,,,,SK Wyverns,Incheon SSG Landers Field,892541,,,SK,SK,SK,112,37,8
2017,AL,kt,kt,E,,144,,50,94,,,,,655,4937,1360,274,17,119,374,1017,86,51,66,45,876,803,5.753981,4,2,22,3768,1524,174,433,913,,,,kt Wiz,Suwon kt wiz Park,686541,,,kt,kt,kt,151,151,151
2018,AL,DOO,OB,E,,144,,93,51,Y,Y,Y,,944,5176,1601,284,30,191,496,1016,96,23,92,63,756,713,4.979565,1,0,41,3866,1401,154,476,1025,,,,Doosan Bears,Seoul Sports Complex Baseball Stadium,1112066,,,OB,OB,OB,133,60,4
2018,AL,HH,BGR,W,,144,,77,67,,Y,,,729,4972,1369,249,14,151,420,1098,118,64,88,28,761,698,4.930926,0,0,37,3822,1394,164,472,1124,,,,Hanwha Eagles,Hanwha Life Eagles Park,734110,,,BGR,BGR,BGR,64,64,7
2018,AL,KIA,HAI,W,,144,,70,74,,Y,,,865,5036,1487,258,22,170,503,905,88,37,99,50,826,763,5.40425,4,0,26,3812,1511,181,445,1017,,,,KIA Tigers,GWANGJU-KIA CHAMPIONS FIELD,861729,,,HAI,HAI,HAI,130,45,6
2018,AL,LG,MBC,W,,144,,68,75,,,,,788,5070,1487,299,12,148,418,1001,71,38,75,51,816,746,5.29217,3,2,29,3806,1434,159,453,1058,,,,LG Twins,Seoul Sports Complex Baseball Stadium,1108677,,,MBC,MBC,MBC,101,36,5
2018,AL,LOT,LOT,E,,144,,68,74,,,,,821,5130,1484,289,17,203,471,1157,68,32,81,37,846,766,5.370553,0,0,29,3851,1410,166,548,1164,,,,Lotte Giants,Sajik Baseball Stadium32,901634,,,LOT,LOT,LOT,65,65,3
2018,AL,NC,NC,W,,144,,58,85,,,,,660,4895,1280,233,18,143,427,1081,82,35,88,43,844,769,5.475475,1,0,24,3792,1443,186,537,1010,,,,NC Dinos,Masan Baseball Stadium,442872,,,NC,NC,NC,150,150,150
2018,AL,NEX,WR,W,,144,,75,69,,Y,,,825,5141,1481,288,19,165,472,1208,101,33,85,50,780,723,5.075663,4,1,32,3846,1442,178,416,1021,,,,Nexen Heroes,Gocheok Sky Dome,454574,,,WR,WR,WR,113,37,2
2018,AL,SAM,SAM,E,,144,,68,72,,,,,776,5109,1471,241,29,146,468,1034,116,52,87,45,802,741,5.188537,0,0,33,3856,1477,185,441,1114,,,,Samsung Lions,Daegu Samsung Lions Parks,752310,,,SAM,SAM,SAM,88,32,1
2018,AL,SK,SK,E,,144,,78,65,,Y,,Y,829,4992,1403,234,13,233,483,1079,108,39,119,34,729,662,4.674163,0,0,29,3824,1353,189,425,1130,,,,SK Wyverns,Incheon SSG Landers Field,1037211,,,SK,SK,SK,112,37,8
2018,AL,kt,kt,E,,144,,59,82,,,,,757,5026,1382,264,13,206,464,1109,80,57,46,26,834,756,5.339262,4,1,24,3823,1580,194,409,1025,,,,kt Wiz,Suwon kt wiz Park,668559,,,kt,kt,kt,151,151,151
2019,AL,DOO,OB,E,,144,,88,55,Y,Y,Y,Y,736,4913,1364,235,31,84,563,799,102,38,72,83,550,500,3.505583,3,0,44,3851,1259,78,380,860,,,,Doosan Bears,Seoul Sports Complex Baseball Stadium,983474,,,OB,OB,OB,133,60,4
2019,AL,HH,BGR,W,,144,,58,86,,,,,607,4882,1250,223,16,88,441,1090,105,51,70,45,737,677,4.80268,2,0,28,3806,1407,120,526,934,,,,Hanwha Eagles,Hanwha Life Eagles Park,555225,,,BGR,BGR,BGR,64,64,7
2019,AL,KIA,HAI,W,,144,,62,80,,,,,605,4874,1286,248,19,76,497,919,87,42,58,45,723,653,4.649525,3,2,30,3792,1362,101,504,976,,,,KIA Tigers,GWANGJU-KIA CHAMPIONS FIELD,692163,,,HAI,HAI,HAI,130,45,6
2019,AL,KIW,WR,W,,144,,86,57,,Y,,,780,4991,1405,251,38,112,514,943,110,33,69,48,572,513,3.609851,2,2,39,3837,1293,61,371,984,,,,Kiwoom Heroes,Gocheok Sky Dome,453886,,,WR,WR,WR,113,37,2
2019,AL,LG,MBC,W,,144,,79,64,,Y,,,641,4928,1316,233,15,94,434,962,108,47,77,48,633,551,3.864156,1,0,43,3850,1257,89,499,953,,,,LG Twins,Seoul Sports Complex Baseball Stadium,1000400,,,MBC,MBC,MBC,101,36,5
2019,AL,LOT,LOT,E,,144,,48,93,,,,,578,4919,1231,214,22,90,429,1085,65,31,65,40,764,682,4.829268,1,1,16,3813,1407,120,546,1033,,,,Lotte Giants,Sajik Baseball Stadium33,679208,,,LOT,LOT,LOT,65,65,3
2019,AL,NC,NC,W,,144,,73,69,,Y,,,674,4968,1383,249,26,128,456,880,87,45,83,60,631,572,4.008305,5,2,32,3853,1285,103,483,991,,,,NC Dinos,Changwon NC Park,710274,,,NC,NC,NC,150,150,150
2019,AL,SAM,SAM,E,,144,,60,83,,,,,622,4866,1245,230,26,122,478,976,107,42,78,53,731,658,4.643492,4,4,29,3826,1332,125,523,924,,,,Samsung Lions,Daegu Samsung Lions Parks,691681,,,SAM,SAM,SAM,88,32,1
2019,AL,SK,SK,E,,144,,88,55,Y,Y,Y,,655,4919,1290,218,14,117,462,966,118,50,87,38,546,500,3.482074,0,0,51,3877,1240,99,436,1092,,,,SK Wyverns,Incheon SSG Landers Field,982962,,,SK,SK,SK,112,37,8
2019,AL,kt,kt,E,,144,,71,71,,,,,650,4965,1375,187,20,103,475,975,104,44,52,45,661,608,4.285043,2,1,37,3831,1303,118,481,848,,,,kt Wiz,Suwon kt wiz Park,536735,,,kt,kt,kt,151,151,151
2020,AL,DOO,OB,E,,144,,79,61,,Y,,,816,5046,1477,263,20,125,551,796,88,37,68,73,695,616,4.31216,1,0,23,3857,1395,109,478,1046,,,,Doosan Bears,Seoul Sports Complex Baseball Stadium,55047,,,OB,OB,OB,133,60,4
2020,AL,HH,BGR,W,,144,,46,95,,,,,551,4862,1189,195,12,79,462,1163,51,36,89,25,820,742,5.279051,1,1,21,3795,1400,158,609,1019,,,,Hanwha Eagles,Hanwha Life Eagles Park,19962,,,BGR,BGR,BGR,64,64,7
2020,AL,KIA,HAI,W,,144,,73,71,,,,,724,4937,1355,224,13,130,535,957,47,25,69,38,795,724,5.130709,1,1,33,3810,1399,120,559,1038,,,,KIA Tigers,GWANGJU-KIA CHAMPIONS FIELD,21198,,,HAI,HAI,HAI,130,45,6
2020,AL,KIW,WR,W,,144,,80,63,,Y,,,759,4945,1332,254,25,127,608,1030,113,27,73,52,692,624,4.386358,0,0,42,3841,1336,126,446,950,,,,Kiwoom Heroes,Gocheok Sky Dome,27158,,,WR,WR,WR,113,37,2
2020,AL,LG,MBC,W,,144,,79,61,,Y,,,802,4999,1384,253,29,149,509,969,83,39,75,49,694,627,4.365395,2,2,29,3878,1344,123,493,1019,,,,LG Twins,Seoul Sports Complex Baseball Stadium,41317,,,MBC,MBC,MBC,101,36,5
2020,AL,LOT,LOT,E,,144,,71,72,,,,,750,4958,1366,252,6,131,569,875,90,31,55,48,720,659,4.643267,1,0,25,3832,1351,143,447,1002,,,,Lotte Giants,Sajik Baseball Stadium34,36717,,,LOT,LOT,LOT,65,65,3
2020,AL,NC,NC,W,,144,,83,55,Y,Y,Y,Y,888,5102,1483,258,28,187,529,997,101,38,104,51,714,660,4.580977,0,0,31,3890,1292,153,547,1049,,,,NC Dinos,Changwon NC Park,45992,,,NC,NC,NC,150,150,150
2020,AL,SAM,SAM,E,,144,,64,75,,,,,699,4923,1317,211,12,129,486,990,132,49,62,53,745,676,4.781766,3,1,25,3817,1330,151,542,931,,,,Samsung Lions,Daegu Samsung Lions Parks,27819,,,SAM,SAM,SAM,88,32,1
2020,AL,SK,SK,E,,144,,51,92,,,,,634,4839,1212,177,17,143,511,981,81,45,69,34,846,780,5.574378,1,0,20,3778,1343,162,670,953,,,,SK Wyverns,Incheon SSG Landers Field,30608,,,SK,SK,SK,112,37,8
2020,AL,kt,kt,E,,144,,81,62,,Y,,,813,5047,1432,238,21,163,554,1097,106,50,52,45,715,651,4.540687,0,0,33,3871,1357,118,523,848,,,,kt Wiz,Suwon kt wiz Park,22499,,,kt,kt,kt,151,151,151
2021,AL,DOO,OB,E,,144,,71,65,,Y,,,738,4900,1314,235,17,110,560,943,81,37,86,53,656,601,4.261292,2,1,28,3808,1295,104,587,1045,,,,Doosan Bears,Seoul Sports Complex Baseball Stadium,98036,,,OB,OB,OB,133,60,4
2021,AL,HH,BGR,W,,144,,49,83,,,,,599,4685,1111,213,17,80,633,1286,109,56,74,49,739,650,4.647775,1,0,21,3776,1208,115,673,1011,,,,Hanwha Eagles,Hanwha Life Eagles Park,103960,,,BGR,BGR,BGR,64,64,7
2021,AL,KIA,HAI,W,,144,,58,76,,,,,568,4831,1198,183,21,66,595,921,73,31,73,37,752,690,4.893617,1,0,36,3807,1286,134,622,951,,,,KIA Tigers,GWANGJU-KIA CHAMPIONS FIELD,104989,,,HAI,HAI,HAI,130,45,6
2021,AL,KIW,WR,W,,144,,70,67,,Y,,,722,4874,1262,244,28,91,595,1053,97,26,93,56,700,605,4.310026,1,1,30,3790,1281,101,566,900,,,,Kiwoom Heroes,Gocheok Sky Dome,67407,,,WR,WR,WR,113,37,2
2021,AL,LG,MBC,W,,144,,72,58,,Y,,,654,4750,1188,210,11,110,592,926,92,34,94,45,561,505,3.572177,0,0,32,3817,1126,80,545,1068,,,,LG Twins,Seoul Sports Complex Baseball Stadium,116691,,,MBC,MBC,MBC,101,36,5
2021,AL,LOT,LOT,E,,144,,65,71,,,,,727,5009,1393,266,10,107,579,969,60,31,54,46,808,758,5.367427,1,1,37,3813,1333,133,658,1054,,,,Lotte Giants,Sajik Baseball Stadium35,138294,,,LOT,LOT,LOT,65,65,3
2021,AL,NC,NC,W,,144,,67,68,,,,,702,4808,1254,203,17,170,511,1093,101,46,111,43,697,634,4.540584,3,1,33,3770,1268,125,592,1055,,,,NC Dinos,Changwon NC Park,128289,,,NC,NC,NC,150,150,150
2021,AL,SAM,SAM,E,,144,,76,59,Y,Y,Y,,712,4836,1292,204,18,133,545,902,116,44,55,68,658,601,4.296267,2,1,46,3777,1297,131,530,1038,,,,Samsung Lions,Daegu Samsung Lions Parks,278222,,,SAM,SAM,SAM,88,32,1
2021,AL,SSG,SK,E,,144,,66,64,,,,,755,4899,1278,204,13,185,636,1056,100,43,94,52,741,684,4.821932,0,0,25,3830,1296,149,629,1012,,,,SK Wyverns,Incheon SSG Landers Field,118412,,,SK,SK,SK,112,37,8
2021,AL,kt,kt,E,,144,,76,59,Y,Y,Y,Y,719,4810,1276,219,11,106,645,1047,112,46,58,44,584,515,3.66693,2,2,33,3792,1176,86,489,1062,,,,kt Wiz,Suwon kt wiz Park,74189,,,kt,kt,kt,151,151,151
2022,AL,DOO,OB,E,,144,,60,82,,,,,638,4891,1249,210,12,101,450,1007,90,40,71,45,721,632,4.446066,0,0,32,3838,1336,117,555,977,,,,Doosan Bears,Seoul Sports Complex Baseball Stadium,644614,,,OB,OB,OB,133,60,4
2022,AL,HH,BGR,W,,144,,46,96,,,,,564,4878,1196,217,19,88,497,1264,93,49,52,40,759,680,4.82523,1,0,25,3805,1314,112,602,974,,,,Hanwha Eagles,Hanwha Life Eagles Park,358190,,,BGR,BGR,BGR,64,64,7
2022,AL,KIA,HAI,W,,144,,70,73,,Y,,,720,5000,1361,250,19,113,542,983,103,34,63,36,679,597,4.19875,0,0,38,3839,1286,120,526,1042,,,,KIA Tigers,GWANGJU-KIA CHAMPIONS FIELD,604394,,,HAI,HAI,HAI,130,45,6
2022,AL,KIW,WR,W,,144,,80,62,,Y,,,621,4953,1250,203,33,94,527,1032,63,20,92,34,610,546,3.790692,2,1,48,3889,1247,96,490,1010,,,,Kiwoom Heroes,Gocheok Sky Dome,349773,,,WR,WR,WR,113,37,2
2022,AL,LG,MBC,W,,144,,87,55,,Y,,,715,4927,1325,208,33,118,501,924,102,46,103,46,521,476,3.326087,0,0,43,3864,1179,94,451,1031,,,,LG Twins,Seoul Sports Complex Baseball Stadium,930163,,,MBC,MBC,MBC,101,36,5
2022,AL,LOT,LOT,E,,144,,64,76,,,,,605,4948,1320,227,16,106,417,991,61,39,54,42,712,633,4.448464,0,0,34,3842,1373,84,492,1199,,,,Lotte Giants,Sajik Baseball Stadium36,631656,,,LOT,LOT,LOT,65,65,3
2022,AL,NC,NC,W,,144,,67,74,,,,,646,4899,1260,230,15,105,501,981,100,39,88,47,642,557,3.896114,0,0,25,3860,1230,111,515,1168,,,,NC Dinos,Changwon NC Park,369018,,,NC,NC,NC,150,150,150
2022,AL,SAM,SAM,E,,144,,66,76,,,,,663,5023,1358,241,19,103,446,1029,91,27,54,41,695,613,4.286713,1,1,34,3861,1370,129,478,971,,,,Samsung Lions,Daegu Samsung Lions Parks,674452,,,SAM,SAM,SAM,88,32,1
2022,AL,SSG,SK,E,,144,,88,52,Y,Y,Y,Y,720,4893,1245,242,18,138,530,1075,98,39,95,47,622,560,3.872951,1,0,45,3904,1223,130,457,1023,,,,SSG Landers,Incheon SSG Landers Field,981546,,,SK,SK,SK,112,37,8
2022,AL,kt,kt,E,,144,,80,62,,Y,,,631,4864,1237,192,19,119,519,1183,89,34,49,44,562,502,3.509581,1,1,37,3862,1243,92,364,1074,,,,kt Wiz,Suwon kt wiz Park,532268,,,kt,kt,kt,151,151,151
2023,AL,DOO,OB,E,,144,,74,68,,Y,,,620,4859,1238,210,32,100,505,975,133,48,76,41,625,560,3.923197,0,0,41,3854,1245,90,501,1013,,,,Doosan Bears,Seoul Sports Complex Baseball Stadium,969562,,,OB,OB,OB,133,60,4
2023,AL,HH,BGR,W,,144,,58,80,,,,,604,4906,1184,211,12,100,535,1162,67,22,88,40,708,628,4.375742,0,0,20,3875,1292,101,518,1037,,,,Hanwha Eagles,Hanwha Life Eagles Park,566785,,,BGR,BGR,BGR,64,64,7
2023,AL,KIA,HAI,W,,144,,73,69,,,,,726,4954,1365,224,21,101,500,957,122,34,46,44,650,583,4.134752,1,0,33,3807,1244,89,564,980,,,,KIA Tigers,GWANGJU-KIA CHAMPIONS FIELD,717025,,,HAI,HAI,HAI,130,45,6
2023,AL,KIW,WR,W,,144,,58,83,,,,,607,5062,1323,223,30,61,484,1096,54,11,74,58,710,632,4.415006,1,0,33,3865,1340,84,532,962,,,,Kiwoom Heroes,Gocheok Sky Dome,583629,,,WR,WR,WR,113,37,2
2023,AL,LG,MBC,W,,144,,86,56,Y,Y,Y,Y,767,4881,1364,227,27,93,583,804,166,101,73,55,610,527,3.667268,0,0,37,3880,1266,74,491,977,,,,LG Twins,Seoul Sports Complex Baseball Stadium,1202637,,,MBC,MBC,MBC,101,36,5
2023,AL,LOT,LOT,E,,144,,68,76,,,,,653,4871,1289,231,19,69,522,1000,101,42,51,57,660,586,4.14514,1,0,35,3817,1328,80,532,1070,,,,Lotte Giants,Sajik Baseball Stadium37,891745,,,LOT,LOT,LOT,65,65,3
2023,AL,NC,NC,W,,144,,75,67,,Y,,,679,4895,1321,223,28,98,493,1005,111,46,100,55,617,545,3.828044,0,0,33,3844,1160,99,513,1090,,,,NC Dinos,Changwon NC Park,557607,,,NC,NC,NC,150,150,150
2023,AL,SAM,SAM,E,,144,,61,82,,,,,636,4912,1290,208,23,88,487,954,103,35,62,43,728,654,4.604433,1,0,38,3835,1414,120,464,899,,,,Samsung Lions,Daegu Samsung Lions Parks,845775,,,SAM,SAM,SAM,88,32,1
2023,AL,SSG,SK,E,,144,,76,65,,Y,,,658,4923,1279,229,16,125,507,943,96,28,78,45,698,626,4.373092,1,0,46,3865,1354,104,612,974,,,,SSG Landers,Incheon SSG Landers Field,1068211,,,SK,SK,SK,112,37,8
2023,AL,kt,kt,E,,144,,79,62,,Y,,,672,4973,1316,235,14,89,524,1074,87,30,48,47,616,564,3.944056,0,0,39,3861,1326,83,413,968,,,,kt Wiz,Suwon kt wiz Park,697350,,,kt,kt,kt,151,151,151
2024,AL,DOO,OB,E,,144,,74,68,,Y,,,789,4975,1375,243,21,150,510,1077,184,50,81,59,748,688,4.82,1,0,41,3850,1332,135,585,1083,,,,Doosan Bears,Seoul Sports Complex Baseball Stadium,,,,OB,OB,OB,133,60,4
2024,AL,HH,BGR,W,,144,,66,76,,,,,745,5005,1351,224,18,127,530,1077,69,41,85,40,780,706,4.984833,0,0,26,3824,1437,128,511,1130,,,,Hanwha Eagles,Hanwha Life Eagles Park,804204,,,BGR,BGR,BGR,64,64,7
2024,AL,KIA,HAI,W,,144,,87,55,Y,Y,Y,Y,858,5124,1542,266,28,163,529,915,125,44,59,53,759,629,4.395186,4,1,44,3864,1365,141,539,1125,,,,KIA Tigers,GWANGJU-KIA CHAMPIONS FIELD,1259249,,,HAI,HAI,HAI,130,45,6
2024,AL,KIW,WR,W,,144,,58,86,,,,,672,5015,1326,222,24,104,492,1141,71,13,78,49,796,729,5.155317,0,0,23,3818,1416,150,497,921,,,,Kiwoom Heroes,Gocheok Sky Dome,808350,,,WR,WR,WR,113,37,2
2024,AL,LG,MBC,W,,144,,76,66,,Y,,,808,4919,1394,238,29,115,616,969,171,79,71,73,728,657,4.630384,2,1,34,3831,1375,126,529,1082,,,,LG Twins,Seoul Sports Complex Baseball Stadium,1397499,,,MBC,MBC,MBC,101,36,5
2024,AL,LOT,LOT,E,,144,,66,74,,,,,802,5110,1454,285,41,125,494,1079,105,42,68,57,791,719,5.052837,1,1,30,3842,1442,139,523,1131,,,,Lotte Giants,Sajik Baseball Stadium38,1232840,,,LOT,LOT,LOT,65,65,3
2024,AL,NC,NC,W,,144,,61,81,,,,,773,5009,1371,226,15,172,513,1200,104,33,128,57,801,708,4.995035,0,0,22,3827,1389,137,531,1061,,,,NC Dinos,Changwon NC Park,749058,,,NC,NC,NC,150,150,150
2024,AL,SAM,SAM,E,,144,,78,64,,Y,,,770,4975,1336,204,17,185,531,1150,113,29,87,47,719,667,4.680094,2,1,41,3848,1384,164,477,980,,,,Samsung Lions,Daegu Samsung Lions Parks,1347022,,,SAM,SAM,SAM,88,32,1
2024,AL,SSG,SK,E,,144,,72,70,,,,,756,5001,1367,239,20,152,470,1095,149,39,77,48,814,740,5.245471,0,0,33,3809,1341,163,630,1195,,,,SSG Landers,Incheon SSG Landers Field,1143773,,,SK,SK,SK,112,37,8
2024,AL,kt,kt,E,,144,,72,70,,Y,,,767,5072,1413,234,16,145,580,1123,61,27,49,45,804,729,5.108487,0,0,28,3853,1448,155,443,1118,,,,kt Wiz,Suwon kt wiz Park,843942,,,kt,kt,kt,151,151,151
2025,AL,DOO,OB,W,,144,,61,77,,,,,647,4952,1298,232,31,102,469,1169,144,43,65,42,686,612,4.3,0,0,29,3840,1227,109,542,1054,,,,Doosan Bears,Seoul Sports Complex Baseball Stadium,1430432,,,OB,OB,OB,133,60,4
2025,AL,HH,BGR,E,,144,,83,57,,Y,,,689,4892,1303,250,16,116,439,1038,101,38,90,46,554,509,3.55,1,0,41,3870,1185,102,450,1339,,,,Hanwha Eagles,Daejeon Hanwha Life Ballpark,1231840,,,BGR,BGR,BGR,64,64,7
2025,AL,KIA,HAI,W,,144,,65,75,,,,,668,4944,1276,232,16,144,526,1211,77,22,67,39,734,660,4.66,1,0,30,3822,1316,110,511,1058,,,,KIA Tigers,GWANGJU-KIA CHAMPIONS FIELD,1079676,,,HAI,HAI,HAI,130,45,6
2025,AL,KIW,WR,E,,144,,47,93,,,,,581,4935,1202,217,20,104,439,1221,83,15,63,33,860,760,5.39,0,0,31,3807,1447,146,550,937,,,,Kiwoom Heroes,Gocheok Sky Dome,874138,,,WR,WR,WR,113,37,2
2025,AL,LG,MBC,W,,144,,85,56,Y,Y,Y,Y,788,4919,1366,219,19,130,604,975,121,49,68,59,584,539,3.79,1,1,42,3837,1236,91,491,1080,,,,LG Twins,Jamsil Baseball Stadium,1542458,,,MBC,MBC,MBC,101,36,5
2025,AL,LOT,LOT,E,,144,,66,72,,,,,676,4944,1318,242,26,75,530,1030,91,28,91,45,749,676,4.75,0,0,36,3840,1351,128,560,1173,,,,Lotte Giants,Busan Sajik Baseball Stadium,1507704,,,LOT,LOT,LOT,65,65,3
2025,AL,NC,NC,W,,144,,71,67,,Y,,,732,4816,1254,221,31,128,504,1090,186,64,136,52,766,680,4.82,1,0,39,3810,1279,146,621,1075,,,,NC Dinos,Changwon NC Park,754063,,,NC,NC,NC,150,150,150
2025,AL,SAM,SAM,E,,144,,74,68,,Y,,,775,4899,1330,241,18,161,564,1087,98,32,86,55,647,581,4.12,3,2,25,3804,1257,132,455,1048,,,,Samsung Lions,Daegu Samsung Lions Park,1640174,,,SAM,SAM,SAM,88,32,1
2025,AL,SSG,SK,W,,144,,75,65,,Y,,,609,4875,1249,175,14,127,493,1159,129,47,60,37,576,517,3.63,1,0,36,3849,1164,115,510,1193,,,,SSG Landers,Incheon SSG Landers Field,1281093,,,SK,SK,SK,112,37,8
2025,AL,kt,kt,E,,144,,71,68,,,,,648,4845,1228,214,17,104,555,1044,48,24,80,43,657,581,4.09,1,1,37,3834,1362,112,433,1067,,,,kt Wiz,Suwon kt wiz Park,1231840,,,kt,kt,kt,151,151,151
